"Id","Path","Slice Name","Alias(s)","Label","Min","Max","Must Support?","Is Modifier?","Is Summary?","Type(s)","Short","Definition","Comments","Requirements","Default Value","Meaning When Missing","Fixed Value","Pattern","Example","Minimum Value","Maximum Value","Maximum Length","Binding Strength","Binding Description","Binding Value Set","Code","Slicing Discriminator","Slicing Description","Slicing Ordered","Slicing Rules","Base Path","Base Min","Base Max","Condition(s)","Constraint(s)","Mapping: Workflow Pattern","Mapping: Mapping to NCPDP SCRIPT 10.6","Mapping: RIM Mapping","Mapping: FiveWs Pattern Mapping","Mapping: HL7 v2 Mapping"
"MedicationRequest","MedicationRequest","","Prescription
Order","",0,*,"","","","null {[]} {[]}
","為病人或實體集合（例如：特定的一群人）開立的藥品處方","關於藥品供應和對病人用藥指導的醫令或請求。此resource被稱為 「MedicationRequest」，而不是 「MedicationPrescription 」或「MedicationOrder」，以便與在住院病人和門診病人的環境中通用，包括照護計畫等，並與工作流程模式相協調。","","","","","","","","","",,,,,"",,,,"MedicationRequest",0,*,"","dom-2:If the resource is contained in another resource, it SHALL NOT contain nested Resources {contained.contained.empty()}
dom-3:If the resource is contained in another resource, it SHALL be referred to from elsewhere in the resource or SHALL refer to the containing resource {contained.where((('#'+id in (%resource.descendants().reference | %resource.descendants().as(canonical) | %resource.descendants().as(uri) | %resource.descendants().as(url))) or descendants().where(reference = '#').exists() or descendants().where(as(canonical) = '#').exists() or descendants().where(as(canonical) = '#').exists()).not()).trace('unmatched', id).empty()}dom-4:If a resource is contained in another resource, it SHALL NOT have a meta.versionId or a meta.lastUpdated {contained.meta.versionId.empty() and contained.meta.lastUpdated.empty()}dom-5:If a resource is contained in another resource, it SHALL NOT have a security label {contained.meta.security.empty()}dom-6:A resource should have narrative for robust management {text.`div`.exists()}","Request","Message/Body/NewRx","Entity. Role, or Act","CombinedMedicationRequest"
"MedicationRequest.id","MedicationRequest.id","","","",0,1,"","","Y","id {[]} {[]}
","不重複的ID用以識別儲存在特定FHIR Server中的MedicationRequest紀錄，通常又稱為邏輯性ID。","resource的邏輯ID，在resource的URL中使用。一旦指定，這個值永遠不會改變。","一個resource使用新增操作（create operation）提交給伺服器時是此resource唯一沒有id的時刻","","","","","","","","",,,,,"",,,,"Resource.id",0,1,"",""
"MedicationRequest.meta","MedicationRequest.meta","","","",0,1,"","","Y","Meta {[]} {[]}
","此MedicationRequest Resource的metadata","關於resource的metadata。這是由基礎建設維護的內容。對內容的改變可能並不總是與resource的版本改變相關。","","","","","","","","","",,,,,"",,,,"Resource.meta",0,1,"","ele-1:All FHIR elements must have a @value or children {hasValue() or (children().count() > id.count())}
"
"MedicationRequest.implicitRules","MedicationRequest.implicitRules","","","",0,1,"","Y","Y","uri {[]} {[]}
","創建此內容所依據的一組規則","構建resource時遵循的一系列規則的參照，在處理內容時必須理解這些規則。通常這是IG定義特殊規則及其他profiles的參照。","宣告這套規則限制了內容只能被有限的貿易夥伴所理解。這從本質上限制了資料的長期有用性。然而，現有的健康生態體系高度分裂，還沒有準備好以普遍可計算的方式定義、收集和交換資料。只要有可能，實作者和／或規範編寫者應該避免使用這個資料項目。通常，在使用時，此URL是對實作指引的參照，此指引將這些特殊規則與其他profiles、value sets等一起定義為其敘述的一部分。","","","","","","","","",,,,,"",,,,"Resource.implicitRules",0,1,"","ele-1:All FHIR elements must have a @value or children {hasValue() or (children().count() > id.count())}
"
"MedicationRequest.language","MedicationRequest.language","","","",0,1,"","","","code {[]} {[]}
","用以表述MedicationRequest Resource內容的語言","編寫此resource的基礎語言","提供語言是為了支援索引和可存取性（通常，文字表述轉語音等服務使用此語言標籤）。html lanuage tag適用於此敘述。resource上的語言標籤可用於指定從resource中的資料所產成的其他表述之語言。不是所有的內容都必須使用此基礎語言。不應該假定Resource.language自動適用於敘述。如果指定語言，它也應該被指定在html中的div元素（關於xml:lang和html lang屬性之間的關係，見HTML5中的規則）。","","","","","","<valueString xmlns=""http://hl7.org/fhir"" value=""zh-TW""/>","","",,"preferred","人類語言；鼓勵使用[CommonLanguages](http://hl7.org/fhir/R4/valueset-languages.html)代碼表中的代碼，但不強制一定要使用此代碼表，你也可使用其他代碼表的代碼或單純以文字表示。","http://hl7.org/fhir/ValueSet/languages","",,,,"Resource.language",0,1,"","ele-1:All FHIR elements must have a @value or children {hasValue() or (children().count() > id.count())}
"
"MedicationRequest.text","MedicationRequest.text","","narrative
htmlxhtmldisplay","",0,1,"Y","","","Narrative {[]} {[]}
","MedicationRequest Resource之內容摘要以供人閱讀","人可讀的敘述，包含resource的摘要，可用於向人表述resource的內容。敘述不需要對所有的結構化資料進行編碼，但需要包含足夠的細節使人在閱讀敘述時理解「臨床安全性」。resource定義可定義哪些內容應該在敘述中表示，以確保臨床安全。","內嵌（contained）的resource沒有敘述，非內嵌（contained）的resource則 **建議應該（SHOULD）** 有敘述。在某些情況下，resource可能只有文字表述，很少或沒有額外的離散資料（只要滿足所有minOccurs=1的資料項目）。這對於來自舊有系統的資料可能是必要的，在這些系統中，從 「文字表述區塊（text blob） 」獲取訊息，或者文字表述是額外的原始輸入或敘述，而編碼訊息是後來添加的。","","","","","","","","",,,,,"",,,,"DomainResource.text",0,1,"","ele-1:All FHIR elements must have a @value or children {hasValue() or (children().count() > id.count())}
","Act.text?"
"MedicationRequest.contained","MedicationRequest.contained","","inline resources
anonymous resourcescontained resources","",0,*,"","","","Resource {[]} {[]}
","內嵌的（contained）、行內的Resources","這些resource內嵌（contains）的resource不會另外存於任何FHIR伺服器，意即它們無法在任何FHIR伺服器中被找到，也無法有自己獨立的資料異動／交易（transaction）範圍。","當內容可以從任何FHIR伺服器找到時，不應該以內嵌（contained）resource的方式呈現，因為一旦識別丟失，要再次恢復它是非常困難的（並且取決於情境）。內嵌（contained）的resource可在它們的meta資料項目中表述profiles和tag（標籤），但 **必須沒有（SHALL NOT）** 資訊安全標號（security labels）。","","","","","","","","",,,,,"",,,,"DomainResource.contained",0,*,"","","N/A"
"MedicationRequest.extension","MedicationRequest.extension","","","",0,*,"","","","Extension {[]} {[]}
","擴充的資料項目","可用於表示不屬於此資料項目基本定義的附加資訊。為了擴充的使用安全和可管理，對擴充的定義和使用有一套嚴格的管理。儘管任何實作者都可以定義一個擴充，但作為擴充定義的一部分，有一套要求 **必須（SHALL）** 滿足。","無論使用或定義擴充的機構或管轄區，任何應用程式、專案或標準使用擴充都不背負任何汙名（stigma）。使用擴充是允許FHIR規範為每個人保留一個核心的簡易性。","","","","","","","","",,,,,"",,,,"DomainResource.extension",0,*,"","ele-1:All FHIR elements must have a @value or children {hasValue() or (children().count() > id.count())}
ext-1:Must have either extensions or value[x], not both {extension.exists() != value.exists()}"
"MedicationRequest.modifierExtension","MedicationRequest.modifierExtension","","","",0,*,"","Y","","Extension {[]} {[]}
","此擴充的資料項目可能會完全修正或改變其他資料項目的意涵，需特別留意。","可以用來表示不屬於資料項目的基本定義的附加資訊，並且修改對它所內嵌（contained）的資料項目的理解和（或）對包含資料項目之後續使用的理解。通常，修飾用的資料項目提供否定或限定。為了使擴充的使用安全和可管理，對擴充的定義和使用有一套嚴格的管理。儘管任何實作者都可以定義一個擴充，但作為擴充定義的一部分，有一套要求 **必須（SHALL）** 滿足。處理resource的應用程式被要求檢查修飾用的擴充資料項目。 
 修飾用的擴充資料項目 **必須沒有（SHALL NOT）** 改變resource或DomainResource上任何資料項目的含義（包括不能改變modifierExtension本身的含義）。","無論使用或定義擴充的機構或管轄區，任何應用程式、專案或標準使用擴充都不背負任何汙名（stigma）。使用擴充是允許FHIR規範為每個人保留一個核心的簡易性。","修飾用的資料項目擴充將不能安全地忽略的擴充與絕大多數可以安全地忽略的擴充明確區分開來。透過消除禁止實作者擴充存在的需求來促進可互通性。更多訊息，請參見[修飾用的資料項目擴充之定義](http://hl7.org/fhir/R4/extensibility.html#modifierExtension)。","","","","","","","",,,,,"",,,,"DomainResource.modifierExtension",0,*,"","ele-1:All FHIR elements must have a @value or children {hasValue() or (children().count() > id.count())}
ext-1:Must have either extensions or value[x], not both {extension.exists() != value.exists()}"
"MedicationRequest.identifier","MedicationRequest.identifier","","","",1,*,"Y","","","Identifier {[]} {[]}
","此藥品處方的外部識別碼，至少必須有一個 identifier[0] 用來表示【健保卡欄位-M13就醫序號】的唯一識別資訊","與此藥品處方相關的識別碼，這些識別碼是由業務流程定義的，並且/或者在對resource本身的直接URL參照不合適的情況下用來參照它。它們是由執行者或其他系統指定給此resource的業務用識別碼，並隨著resource的更新和從伺服器到伺服器的傳播而保持不變。","這是一個業務用識別碼，而不是一個resource識別碼。","","","","","","","","",,,,,"",,,,"MedicationRequest.identifier",0,*,"","ele-1:All FHIR elements must have a @value or children {hasValue() or (children().count() > id.count())}
","Request.identifier","Message/Header/PrescriberOrderNumber",".id","FiveWs.identifier","ORC-2-Placer Order Number / ORC-3-Filler Order Number"
"MedicationRequest.status","MedicationRequest.status","","","",1,1,"Y","Y","Y","code {[]} {[]}
","active | on-hold | cancelled | completed | entered-in-error | stopped | draft | unknown","一個指定醫令當前狀態的代碼。一般來說，它是有效或完成的狀態。","這個資料項目被標記為修飾用，因為此狀態亦包含標記resource當前為無效的代碼。","","","","","","","","",,"required","應填入[medicationrequest Status](http://hl7.org/fhir/R4/valueset-medicationrequest-status.html)代碼表中的其中一個代碼","http://hl7.org/fhir/ValueSet/medicationrequest-status|4.0.1","",,,,"MedicationRequest.status",1,1,"","ele-1:All FHIR elements must have a @value or children {hasValue() or (children().count() > id.count())}
","Request.status","no mapping",".statusCode","FiveWs.status"
"MedicationRequest.statusReason","MedicationRequest.statusReason","","","",0,1,"","","","CodeableConcept {[CanonicalType[https://twcore.mohw.gov.tw/ig/twcore/StructureDefinition/CodeableConcept-tw]]} {[]}
","當前狀態的原因","捕捉MedicationRequest當前狀態的原因","這通常只用於 「例外 」狀態，例如： 「暫停」或 「取消」。MedicationRequest的原因是在reasonCode中描述，而不是在這裡。","","","","","","","","",,"example","可參考[medicationRequest Status Reason Codes](http://hl7.org/fhir/R4/valueset-medicationrequest-status-reason.html)代碼表，但此代碼表只是針對這個欄位的一個可能值的示例，不預期也不鼓勵使用者一定要使用此代碼表的代碼。","http://hl7.org/fhir/ValueSet/medicationrequest-status-reason","",,,,"MedicationRequest.statusReason",0,1,"ele-1
","ele-1:All FHIR elements must have a @value or children {hasValue() or (children().count() > id.count())}
","n/a","CD","CE/CNE/CWE"
"MedicationRequest.intent","MedicationRequest.intent","","","",1,1,"Y","Y","Y","code {[]} {[]}
","proposal | plan | order | original-order | reflex-order | filler-order | instance-order | option","要求是提案、計畫、還是原始醫令？","預期服務請求者的型別將在MedicationRequest的不同階段受到限制。例如：提案可由病人（Patient）、相關人員（relatedPerson）、健康照護服務提供人員（Practitioner）或設備（Device）建立。照護計畫可由健康照護服務提供人員、病人、相關人員和設備建立。原始醫令只能由健康照護服務提供人員建立。
 
實例醫令（an instance-order）是請求或醫令的實例，可用於填充給藥紀錄。
 
這個資料項目被標記為修飾用，因為其意圖改變resource實際適用的時間和方式。","","","","","","","","",,"required","應填入[medicationRequest Intent](http://hl7.org/fhir/R4/valueset-medicationrequest-intent.html)代碼表中的其中一個代碼","http://hl7.org/fhir/ValueSet/medicationrequest-intent|4.0.1","",,,,"MedicationRequest.intent",1,1,"","ele-1:All FHIR elements must have a @value or children {hasValue() or (children().count() > id.count())}
","Request.intent",".moodCode (nuances beyond PRP/PLAN/RQO would need to be elsewhere)","FiveWs.class"
"MedicationRequest.category","MedicationRequest.category","","","",1,*,"Y","","","CodeableConcept {[CanonicalType[https://twcore.mohw.gov.tw/ig/twcore/StructureDefinition/CodeableConcept-tw]]} {[]}
","用藥型別，至少必須有一個 category[0] 用來表示【健保卡欄位-M07就醫類別】的健保就醫類別資訊","表示藥品處方的型別（例如：預計用藥或給藥的地方（即住院病人或門診病人）。","此類別可用於包括預期的藥品使用地點或其他型別的服務請求","","","","","","","","",,"example","可參考[medicationRequest Category Codes](http://hl7.org/fhir/R4/valueset-medicationrequest-category.html)代碼表，但此代碼表只是針對這個欄位的一個可能值的示例，不預期也不鼓勵使用者一定要使用此代碼表的代碼。","http://hl7.org/fhir/ValueSet/medicationrequest-category","",,,,"MedicationRequest.category",0,*,"ele-1
","ele-1:All FHIR elements must have a @value or children {hasValue() or (children().count() > id.count())}
","n/a","CD","CE/CNE/CWE"
"MedicationRequest.priority","MedicationRequest.priority","","","",0,1,"","","Y","code {[]} {[]}
","routine ｜ urgent ｜ asap ｜ stat","表示相對於其他服務請求而言，此藥品處方應如何快速得到處理。","","","","","","","","","",,"required","應填入RequestPriority代碼表中的其中一個代碼","http://hl7.org/fhir/ValueSet/request-priority|4.0.1","",,,,"MedicationRequest.priority",0,1,"","ele-1:All FHIR elements must have a @value or children {hasValue() or (children().count() > id.count())}
","Request.priority",".priorityCode","FiveWs.grade"
"MedicationRequest.doNotPerform","MedicationRequest.doNotPerform","","","",0,1,"","Y","Y","boolean {[]} {[]}
","如果藥品處方是禁止活動，則為真。","如果為真，表示健康照護服務提供者要求不發生藥品處方。","如果沒有具體說明不執行，則該藥品處方是一個正向的請求，例如：「執行」。","","","","","","","","",,,,,"",,,,"MedicationRequest.doNotPerform",0,1,"","ele-1:All FHIR elements must have a @value or children {hasValue() or (children().count() > id.count())}
","SubstanceAdministration.actionNegationInd"
"MedicationRequest.reported[x]","MedicationRequest.reported[x]","","","",0,1,"","","Y","boolean {[]} {[]}
Reference {[]} {[CanonicalType[https://twcore.mohw.gov.tw/ig/twcore/StructureDefinition/Patient-twcore], CanonicalType[https://twcore.mohw.gov.tw/ig/twcore/StructureDefinition/Practitioner-twcore], CanonicalType[http://hl7.org/fhir/StructureDefinition/PractitionerRole], CanonicalType[http://hl7.org/fhir/StructureDefinition/RelatedPerson], CanonicalType[https://twcore.mohw.gov.tw/ig/twcore/StructureDefinition/Organization-hosp-twcore]]}","被報告的而不是主要的紀錄","表明此記錄是否為次級的 「報告 」紀錄，而不是作為原始的主要真實來源紀錄，它也可用以表明報告的來源。","","","","","","","","","",,,,,"",,,,"MedicationRequest.reported[x]",0,1,"","ele-1:All FHIR elements must have a @value or children {hasValue() or (children().count() > id.count())}
",".participation[typeCode=INF].role"
"MedicationRequest.medication[x]","MedicationRequest.medication[x]","","","",1,1,"Y","","Y","CodeableConcept {[CanonicalType[https://twcore.mohw.gov.tw/ig/twcore/StructureDefinition/CodeableConcept-tw]]} {[]}
Reference {[]} {[CanonicalType[https://twcore.mohw.gov.tw/ig/twcore/StructureDefinition/Medication-twcore]]}","服用的藥品。此為SNOMED CT代碼，若機構已有購買相關授權，亦可使用。","指明被開立的藥品，這是一個指向代表藥品的resource的連接，可以是藥品的細節，也可以是一個帶有代碼的屬性，從已知的藥品列表中指明此藥品。","如果只具體說明一個代碼，那麼它需要是一個特定產品的代碼。如果需要更多資訊，那麼建議使用Medication resource。例如：如果您需要劑型或批號，或者如果藥品是複方或臨場調製（extemporaneously prepared）的，那麼您必須參考Medication resource。","","","","","","","","",,"example","可參考[SNOMEDCTMedicationCodes](http://hl7.org/fhir/R4/valueset-medication-codes.html)代碼表，但此代碼表只是針對這個欄位的一個可能值的示例，不預期也不鼓勵使用者一定要使用此代碼表的代碼。","http://hl7.org/fhir/ValueSet/medication-codes","","type:$this}
","",,"closed","MedicationRequest.medication[x]",1,1,"","ele-1:All FHIR elements must have a @value or children {hasValue() or (children().count() > id.count())}
","Request.code","Message/Body/NewRx/MedicationPrescribedMedication.code.coding.code = Message/Body/NewRx/MedicationPrescribed/DrugCoded/ProductCodeMedication.code.coding.system = Message/Body/NewRx/MedicationPrescribed/DrugCoded/ProductCodeQualifierMedication.code.coding.display = Message/Body/NewRx/MedicationPrescribed/DrugDescription","consumable.administrableMedication","FiveWs.what[x]","RXE-2-Give Code / RXO-1-Requested Give Code / RXC-2-Component Code"
"MedicationRequest.medication[x]:medicationCodeableConcept","MedicationRequest.medication[x]","medicationCodeableConcept","","",0,1,"","","","CodeableConcept {[CanonicalType[https://twcore.mohw.gov.tw/ig/twcore/StructureDefinition/CodeableConcept-tw]]} {[]}
","概念（Concept）— 參照一個專門術語或只是文字表述","A concept that may be defined by a formal reference to a terminology or ontology or may be provided by text.","Not all terminology uses fit this general pattern. In some cases, models should not use CodeableConcept and use Coding directly and provide their own structure for managing text, codings, translations and the relationship between elements and pre- and post-coordination.","","","","","","","","",,"example","","http://hl7.org/fhir/ValueSet/medication-codes","",,,,"MedicationRequest.medication[x]",1,1,"ele-1
","ele-1:All FHIR elements must have a @value or children {hasValue() or (children().count() > id.count())}
","n/a","CD","CE/CNE/CWE"
"MedicationRequest.medication[x]:medicationCodeableConcept.id","MedicationRequest.medication[x].id","","","",0,1,"","","","string {[]} {[]}
","唯一可識別ID，以供資料項目間相互參照。","resource中資料項目的唯一ID（用於內部參照）。這可以是任何不含空格的字串。","","","","","","","","","",,,,,"",,,,"Element.id",0,1,"","","n/a"
"MedicationRequest.medication[x]:medicationCodeableConcept.extension","MedicationRequest.medication[x].extension","","","",0,*,"","","","Extension {[]} {[]}
","Extension","可用於表示不屬於此資料項目基本定義的附加資訊。為了擴充的使用安全和可管理，對擴充的定義和使用有一套嚴格的管理。儘管任何實作者都可以定義一個擴充，但作為擴充定義的一部分，有一套要求 **必須（SHALL）** 滿足。","無論使用或定義擴充的機構或管轄區，任何應用程式、專案或標準使用擴充都不背負任何污名（stigma）。使用擴充是允許FHIR規範為每個人保留一個核心的簡易性。","","","","","","","","",,,,,"","value:url}
","Extensions are always sliced by (at least) url",,"open","Element.extension",0,*,"","ele-1:All FHIR elements must have a @value or children {hasValue() or (children().count() > id.count())}
ext-1:Must have either extensions or value[x], not both {extension.exists() != value.exists()}"
"MedicationRequest.medication[x]:medicationCodeableConcept.coding","MedicationRequest.medication[x].coding","","","",1,*,"Y","","","Coding {[CanonicalType[https://twcore.mohw.gov.tw/ig/twcore/StructureDefinition/Coding-tw]]} {[]}
","由專門術語系統（terminology system）定義的代碼","由專門術語系統（terminology system）所定義之代碼的參照","代碼可以在列舉清單（enumerations）或代碼清單（code lists）中非常隨意地定義，直至有非常正式的定義，例如：SNOMED CT—更多資訊見HL7 v3核心原則（Core Principles ）。編碼的排序是未定義的因而 **必須沒有（SHALL NOT）** 被用來推斷意義。一般來說，最多只有一個編碼值（coding values）會被標記為UserSelected = true。","允許代碼系統中的替代編碼，以及翻譯到其他編碼系統。","","","","","","","",,,,,"","pattern:$this}
","",,"open","CodeableConcept.coding",0,*,"ele-1
","ele-1:All FHIR elements must have a @value or children {hasValue() or (children().count() > id.count())}
","n/a","CV","CE/CNE/CWE subset one of the sets of component 1-3 or 4-6"
"MedicationRequest.medication[x]:medicationCodeableConcept.coding:fda-medication-tw","MedicationRequest.medication[x].coding","fda-medication-tw","","",1,1,"Y","","","Coding {[CanonicalType[https://twcore.mohw.gov.tw/ig/twcore/StructureDefinition/Coding-tw]]} {[]}
","此為臺灣食品藥物管理署(TFDA)維護之藥品代碼，涵蓋範圍相對完整，可免費使用，可優先選用此代碼。","由專門術語系統（terminology system）所定義之代碼的參照。","代碼可以在列舉清單（enumerations）或代碼清單（code lists）中非常隨意地定義，直至有非常正式的定義，如SNOMED CT—更多資訊見HL7 v3核心原則（Core Principles ）。編碼的排序是未定義的因而 **必須沒有（SHALL NOT）** 被用來推斷意義。一般來說，最多只有一個編碼值（coding values）會被標記為UserSelected = true。","允許代碼系統中的替代編碼，以及翻譯到其他編碼系統。","","","","","","","",,"required","應填入[臺灣藥品及醫療器材代碼值集](https://twcore.mohw.gov.tw/ig/twcore/ValueSet-medication-fda-tw.html)值集中的其中一個代碼。","https://twcore.mohw.gov.tw/ig/twcore/ValueSet/medication-fda-tw","",,,,"CodeableConcept.coding",0,*,"ele-1
","ele-1:All FHIR elements must have a @value or children {hasValue() or (children().count() > id.count())}
","n/a","CV","CE/CNE/CWE subset one of the sets of component 1-3 or 4-6"
"MedicationRequest.medication[x]:medicationCodeableConcept.coding:nhi-medication-tw","MedicationRequest.medication[x].coding","nhi-medication-tw","","",0,1,"Y","","","Coding {[CanonicalType[https://twcore.mohw.gov.tw/ig/twcore/StructureDefinition/Coding-tw]]} {[]}
","此為中央健康保險署(NHI)維護之藥品代碼，主要針對申報使用，更新頻率相對頻繁，可免費使用，可依情境選用此代碼。","由專門術語系統（terminology system）所定義之代碼的參照。","代碼可以在列舉清單（enumerations）或代碼清單（code lists）中非常隨意地定義，直至有非常正式的定義，如SNOMED CT—更多資訊見HL7 v3核心原則（Core Principles ）。編碼的排序是未定義的因而 **必須沒有（SHALL NOT）** 被用來推斷意義。一般來說，最多只有一個編碼值（coding values）會被標記為UserSelected = true。","允許代碼系統中的替代編碼，以及翻譯到其他編碼系統。","","","","","","","",,"required","應填入[臺灣健保用藥品項代碼值集](https://twcore.mohw.gov.tw/ig/twcore/ValueSet-medication-nhi-tw.html)值集中的其中一個代碼。","https://twcore.mohw.gov.tw/ig/twcore/ValueSet/medication-nhi-tw","",,,,"CodeableConcept.coding",0,*,"ele-1
","ele-1:All FHIR elements must have a @value or children {hasValue() or (children().count() > id.count())}
","n/a","CV","CE/CNE/CWE subset one of the sets of component 1-3 or 4-6"
"MedicationRequest.medication[x]:medicationCodeableConcept.coding:rxnorm-medication-us-core","MedicationRequest.medication[x].coding","rxnorm-medication-us-core","","",0,1,"Y","","","Coding {[CanonicalType[https://twcore.mohw.gov.tw/ig/twcore/StructureDefinition/Coding-tw]]} {[]}
","RxNorm為美國Unified Medical Language System®中的藥品代碼，取得UMLS®授權即可免費使用，可依情境選用此代碼。","由專門術語系統（terminology system）所定義之代碼的參照。","代碼可以在列舉清單（enumerations）或代碼清單（code lists）中非常隨意地定義，直至有非常正式的定義，如SNOMED CT—更多資訊見HL7 v3核心原則（Core Principles ）。編碼的排序是未定義的因而 **必須沒有（SHALL NOT）** 被用來推斷意義。一般來說，最多只有一個編碼值（coding values）會被標記為UserSelected = true。","允許代碼系統中的替代編碼，以及翻譯到其他編碼系統。","","","","","","","",,"required","應填入[RxNorm藥品代碼值集](https://twcore.mohw.gov.tw/ig/twcore/ValueSet-medication-rxnorm-tw.html)值集中的其中一個代碼。","https://twcore.mohw.gov.tw/ig/twcore/ValueSet/medication-rxnorm-tw","",,,,"CodeableConcept.coding",0,*,"ele-1
","ele-1:All FHIR elements must have a @value or children {hasValue() or (children().count() > id.count())}
","n/a","CV","CE/CNE/CWE subset one of the sets of component 1-3 or 4-6"
"MedicationRequest.medication[x]:medicationCodeableConcept.coding:atc-medication-code","MedicationRequest.medication[x].coding","atc-medication-code","","",0,1,"Y","","","Coding {[CanonicalType[https://twcore.mohw.gov.tw/ig/twcore/StructureDefinition/Coding-tw]]} {[]}
","ATC代碼的版權為世界衛生組織（WHO）Collaborating Centre for Drug Statistics Methodology，可免費使用，可依情境選用此代碼。","由專門術語系統（terminology system）所定義之代碼的參照。","代碼可以在列舉清單（enumerations）或代碼清單（code lists）中非常隨意地定義，直至有非常正式的定義，如SNOMED CT—更多資訊見HL7 v3核心原則（Core Principles ）。編碼的排序是未定義的因而 **必須沒有（SHALL NOT）** 被用來推斷意義。一般來說，最多只有一個編碼值（coding values）會被標記為UserSelected = true。","允許代碼系統中的替代編碼，以及翻譯到其他編碼系統。","","","","","","","",,"required","應填入[藥品藥理治療分類ATC碼值集](https://twcore.mohw.gov.tw/ig/twcore/ValueSet-medcation-atc-tw.html)值集中的其中一個代碼。","https://twcore.mohw.gov.tw/ig/twcore/ValueSet/medcation-atc-tw","",,,,"CodeableConcept.coding",0,*,"ele-1
","ele-1:All FHIR elements must have a @value or children {hasValue() or (children().count() > id.count())}
","n/a","CV","CE/CNE/CWE subset one of the sets of component 1-3 or 4-6"
"MedicationRequest.medication[x]:medicationCodeableConcept.coding:snomedct-medication-codes","MedicationRequest.medication[x].coding","snomedct-medication-codes","","",0,1,"Y","","","Coding {[CanonicalType[https://twcore.mohw.gov.tw/ig/twcore/StructureDefinition/Coding-tw]]} {[]}
","此為SNOMED CT代碼，若機構已有購買相關授權，亦可使用。","由專門術語系統（terminology system）所定義之代碼的參照。","代碼可以在列舉清單（enumerations）或代碼清單（code lists）中非常隨意地定義，直至有非常正式的定義，如SNOMED CT—更多資訊見HL7 v3核心原則（Core Principles ）。編碼的排序是未定義的因而 **必須沒有（SHALL NOT）** 被用來推斷意義。一般來說，最多只有一個編碼值（coding values）會被標記為UserSelected = true。","允許代碼系統中的替代編碼，以及翻譯到其他編碼系統。","","","","","","","",,"required","可參考[SNOMEDCTMedicationCodes](http://hl7.org/fhir/R4/valueset-medication-codes.html)值集，但此值集只是針對這個欄位的一個可能值的範例，不預期也不鼓勵使用者一定要使用此值集的代碼。","http://hl7.org/fhir/ValueSet/medication-codes","",,,,"CodeableConcept.coding",0,*,"ele-1
","ele-1:All FHIR elements must have a @value or children {hasValue() or (children().count() > id.count())}
","n/a","CV","CE/CNE/CWE subset one of the sets of component 1-3 or 4-6"
"MedicationRequest.medication[x]:medicationCodeableConcept.text","MedicationRequest.medication[x].text","","","",0,1,"Y","","Y","string {[]} {[]}
","概念的文字表示法","輸入資料的使用者所見／所選／所說的人類可讀文字表述，和（或）其代表使用者的預期含義。","很多時候，此文字表述與其中一個代碼的顯示名稱相同。","專門術語中的代碼並不總是能捕捉人類使用的細微差別的正確意義，或者根本就沒有合適的代碼；這些情況下，文字表述被用來捕捉來源的全部意義。","","","","","","","",,,,,"",,,,"CodeableConcept.text",0,1,"","ele-1:All FHIR elements must have a @value or children {hasValue() or (children().count() > id.count())}
","./originalText[mediaType/code=""text/plain""]/data","C*E.9. But note many systems use C*E.2 for this"
"MedicationRequest.subject","MedicationRequest.subject","","","",1,1,"Y","","Y","Reference {[]} {[CanonicalType[https://twcore.mohw.gov.tw/ig/twcore/StructureDefinition/Patient-twcore], CanonicalType[http://hl7.org/fhir/StructureDefinition/Group]]}
","為誰或哪個實體集合（例如：特定的一群人）所開立的藥品處方","連結至一個或一組即將給予藥品的人","藥品處方的對像是必填的。對於不提供實際對象的次級使用案例，仍然必須指定一個匿名對象。","","","","","","","","",,,,,"",,,,"MedicationRequest.subject",1,1,"","ele-1:All FHIR elements must have a @value or children {hasValue() or (children().count() > id.count())}
","Request.subject","Message/Body/NewRx/Patient(need detail to link to specific patient … Patient.Identification in SCRIPT)",".participation[typeCode=AUT].role","FiveWs.subject[x]","FiveWs.subject","PID-3-Patient ID List"
"MedicationRequest.encounter","MedicationRequest.encounter","","","",0,1,"Y","","","Reference {[]} {[CanonicalType[https://twcore.mohw.gov.tw/ig/twcore/StructureDefinition/Encounter-twcore]]}
","連結至一個或一組即將給予藥品的人","建立此[x]的就醫（Encounter），或與此藥品處方紀錄密切相關的就醫。","這通常是事件發生的就醫（Encounter），但有些活動可能是在就醫完成之前或之後發生，但仍與就醫的情境相關。如果需要與照護事件相聯繫，它們將用一個擴充資料項目來處理。","","","","","","","","",,,,,"",,,,"MedicationRequest.encounter",0,1,"","ele-1:All FHIR elements must have a @value or children {hasValue() or (children().count() > id.count())}
","Request.context","no mapping",".inboundRelationship[typeCode=COMP].source[classCode=ENC, moodCode=EVN, code=""type of encounter or episode""]","FiveWs.context","PV1-19-Visit Number"
"MedicationRequest.supportingInformation","MedicationRequest.supportingInformation","","","",0,*,"","","","Reference {[]} {[CanonicalType[http://hl7.org/fhir/StructureDefinition/Resource]]}
","任何與藥品處方相關的補充資訊","任何與藥品處方相關的補充資訊（例如：病人身高及體重）","","","","","","","","","",,,,,"",,,,"MedicationRequest.supportingInformation",0,*,"","ele-1:All FHIR elements must have a @value or children {hasValue() or (children().count() > id.count())}
","Request.supportingInfo",".outboundRelationship[typeCode=PERT].target[A_SupportingClinicalStatement CMET minimal with many different choices of classCodes(ORG, ENC, PROC, SPLY, SBADM, OBS) and each of the act class codes draws from one or more of the following moodCodes (EVN, DEF, INT PRMS, RQO, PRP, APT, ARQ, GOL)]","FiveWs.context"
"MedicationRequest.authoredOn","MedicationRequest.authoredOn","","","",0,1,"Y","","Y","dateTime {[]} {[]}
","藥品處方請求最初何時被撰寫？","處方最初書寫或撰寫的日期（或許也有時間）。","","","","","","","","","",,,,,"",,,,"MedicationRequest.authoredOn",0,1,"","ele-1:All FHIR elements must have a @value or children {hasValue() or (children().count() > id.count())}
","Request.authoredOn","Message/Body/NewRx/MedicationPrescribed/WrittenDate","author.time","FiveWs.recorded","RXE-32-Original Order Date/Time / ORC-9-Date/Time of Transaction"
"MedicationRequest.requester","MedicationRequest.requester","","","",0,1,"Y","","Y","Reference {[]} {[CanonicalType[https://twcore.mohw.gov.tw/ig/twcore/StructureDefinition/Practitioner-twcore], CanonicalType[http://hl7.org/fhir/StructureDefinition/PractitionerRole], CanonicalType[https://twcore.mohw.gov.tw/ig/twcore/StructureDefinition/Organization-hosp-twcore], CanonicalType[https://twcore.mohw.gov.tw/ig/twcore/StructureDefinition/Patient-twcore], CanonicalType[http://hl7.org/fhir/StructureDefinition/RelatedPerson], CanonicalType[http://hl7.org/fhir/StructureDefinition/Device]]}
","誰／什麼提出藥品處方請求？","發起藥品處方請求並對其有效負責的個人、組織或設備。","","","","","","","","","",,,,,"",,,,"MedicationRequest.requester",0,1,"","ele-1:All FHIR elements must have a @value or children {hasValue() or (children().count() > id.count())}
","Request.requester",".participation[typeCode=AUT].role","FiveWs.author"
"MedicationRequest.performer","MedicationRequest.performer","","","",0,1,"","","","Reference {[]} {[CanonicalType[https://twcore.mohw.gov.tw/ig/twcore/StructureDefinition/Practitioner-twcore], CanonicalType[http://hl7.org/fhir/StructureDefinition/PractitionerRole], CanonicalType[https://twcore.mohw.gov.tw/ig/twcore/StructureDefinition/Organization-hosp-twcore], CanonicalType[https://twcore.mohw.gov.tw/ig/twcore/StructureDefinition/Patient-twcore], CanonicalType[http://hl7.org/fhir/StructureDefinition/Device], CanonicalType[http://hl7.org/fhir/StructureDefinition/RelatedPerson], CanonicalType[http://hl7.org/fhir/StructureDefinition/CareTeam]]}
","預期的給藥執行者","具體說明的藥物治療執行者（例如：給藥的執行者）。","","","","","","","","","",,,,,"",,,,"MedicationRequest.performer",0,1,"","ele-1:All FHIR elements must have a @value or children {hasValue() or (children().count() > id.count())}
","Request.performer",".participation[typeCode=PRF].role[scoper.determinerCode=INSTANCE]","FiveWs.actor"
"MedicationRequest.performerType","MedicationRequest.performerType","","","",0,1,"","","","CodeableConcept {[CanonicalType[https://twcore.mohw.gov.tw/ig/twcore/StructureDefinition/CodeableConcept-tw]]} {[]}
","所需的給藥執行者種類","表明給藥的執行者的型別","如果具體說明中未表明執行者，則表明執行者必須是具體的型別。如果具體說明有執行者，那麼如果指定的執行無法獲得則需說明指定執行者的要求條件。","","","","","","","","",,"example","可參考[Procedure Performer Role Codes](http://hl7.org/fhir/R4/valueset-performer-role.html)代碼表，但此代碼表只是針對這個欄位的一個可能值的示例，不預期也不鼓勵使用者一定要使用此代碼表的代碼。","http://hl7.org/fhir/ValueSet/performer-role","",,,,"MedicationRequest.performerType",0,1,"ele-1
","ele-1:All FHIR elements must have a @value or children {hasValue() or (children().count() > id.count())}
","n/a","CD","CE/CNE/CWE"
"MedicationRequest.recorder","MedicationRequest.recorder","","","",0,1,"","","","Reference {[]} {[CanonicalType[https://twcore.mohw.gov.tw/ig/twcore/StructureDefinition/Practitioner-twcore], CanonicalType[http://hl7.org/fhir/StructureDefinition/PractitionerRole]]}
","輸入藥品處方請求的人","代表另一個人輸入醫令的人，例如：在口頭或電話指示下的情況。","","","","","","","","","",,,,,"",,,,"MedicationRequest.recorder",0,1,"","ele-1:All FHIR elements must have a @value or children {hasValue() or (children().count() > id.count())}
",".participation[typeCode=TRANS].role[classCode=ASSIGNED].code (HealthcareProviderType)","FiveWs.who"
"MedicationRequest.reasonCode","MedicationRequest.reasonCode","","","",0,*,"","","","CodeableConcept {[]} {[]}
","開立醫令或不開立醫令的原因或指示","開立或不開立藥品醫令的原因或指示","這可能是一個診斷代碼。如果存在完整的病情、問題或診斷（condition）紀錄或需要附加的細節，請使用 reasonReference。","","","","","","","","",,"example","可參考[Condition/Problem/Diagnosis Codes](http://hl7.org/fhir/R4/valueset-condition-code.html)代碼表，但此代碼表只是針對這個欄位的一個可能值的示例，不預期也不鼓勵使用者一定要使用此代碼表的代碼。","http://hl7.org/fhir/ValueSet/condition-code","",,,,"MedicationRequest.reasonCode",0,*,"","ele-1:All FHIR elements must have a @value or children {hasValue() or (children().count() > id.count())}
","Request.reasonCode","Message/Body/NewRx/MedicationPrescribed/Diagnosis/Primary/Value","reason.observation.reasonCode","FiveWs.why[x]","ORC-16-Order Control Code Reason /RXE-27-Give Indication/RXO-20-Indication / RXD-21-Indication / RXG-22-Indication / RXA-19-Indication"
"MedicationRequest.reasonReference","MedicationRequest.reasonReference","","","",0,*,"Y","","","Reference {[]} {[CanonicalType[https://twcore.mohw.gov.tw/ig/twcore/StructureDefinition/Condition-twcore], CanonicalType[https://twcore.mohw.gov.tw/ig/twcore/StructureDefinition/Observation-laboratoryResult-twcore]]}
","開立處方的原因，例如：病情、問題或診斷（condition）或者檢驗檢查（observation）","開立藥品醫令的原因，例如：病情、問題或診斷（condition）或者檢驗檢查（observation）。","藥品醫令開立的原因參照，例如：病情、問題或診斷（condition）或者檢驗檢查（observation）。如果只能有一個代碼存在，則使用reasonCode。","","","","","","","","",,,,,"",,,,"MedicationRequest.reasonReference",0,*,"","ele-1:All FHIR elements must have a @value or children {hasValue() or (children().count() > id.count())}
","Request.reasonReference","no mapping","reason.observation[code=ASSERTION].value","FiveWs.why[x]"
"MedicationRequest.instantiatesCanonical","MedicationRequest.instantiatesCanonical","","","",0,*,"","","Y","canonical {[]} {[]}
","實例化FHIR計畫書（protocol）或定義","指向此藥品處方全部或部分遵守的計畫書（protocol）、指南（guideline）、醫令集（orderset）或其他定義的URL。","","","","","","","","","",,,,,"",,,,"MedicationRequest.instantiatesCanonical",0,*,"","ele-1:All FHIR elements must have a @value or children {hasValue() or (children().count() > id.count())}
","Request.instantiates",".outboundRelationship[typeCode=DEFN].target"
"MedicationRequest.instantiatesUri","MedicationRequest.instantiatesUri","","","",0,*,"","","Y","uri {[]} {[]}
","實例化外部計畫書（protocol）或定義","指向此藥品處方全部或部分的外部維護之計畫書（protocol）、指南（guideline）、醫令集（orderset）或其他定義的URL。","","","","","","","","","",,,,,"",,,,"MedicationRequest.instantiatesUri",0,*,"","ele-1:All FHIR elements must have a @value or children {hasValue() or (children().count() > id.count())}
",".outboundRelationship[typeCode=DEFN].target"
"MedicationRequest.basedOn","MedicationRequest.basedOn","","","",0,*,"","","Y","Reference {[]} {[CanonicalType[http://hl7.org/fhir/StructureDefinition/CarePlan], CanonicalType[https://twcore.mohw.gov.tw/ig/twcore/StructureDefinition/MedicationRequest-twcore], CanonicalType[http://hl7.org/fhir/StructureDefinition/ServiceRequest], CanonicalType[http://hl7.org/fhir/StructureDefinition/ImmunizationRecommendation]]}
","此MedicationRquest是基於什麼而履行？","透過藥品處方請求，一項計畫或請求已全部或部分被履行","","","","","","","","","",,,,,"",,,,"MedicationRequest.basedOn",0,*,"","ele-1:All FHIR elements must have a @value or children {hasValue() or (children().count() > id.count())}
","Request.basedOn",".outboundRelationship[typeCode=FLFS].target[classCode=SBADM or PROC or PCPR or OBS, moodCode=RQO orPLAN or PRP]"
"MedicationRequest.groupIdentifier","MedicationRequest.groupIdentifier","","","",0,1,"","","Y","Identifier {[]} {[]}
","此為綜合請求的一部分","由單一作者或多或少同時授權之所有服務請求的共用識別碼，代表一個藥品處方的群組識別碼","","請求是透過「基於 」關係（即一個請求履行另一個請求）或透過有一個共同的醫令單來連接。從改變它們的狀態或在最初建立後維護它們的角度來看，同一醫令單的請求通常會被獨立處理。","","","","","","","",,,,,"",,,,"MedicationRequest.groupIdentifier",0,1,"","ele-1:All FHIR elements must have a @value or children {hasValue() or (children().count() > id.count())}
","Request.groupIdentifier",".outboundRelationship(typeCode=COMP].target[classCode=SBADM, moodCode=INT].id"
"MedicationRequest.courseOfTherapyType","MedicationRequest.courseOfTherapyType","","","",0,1,"","","","CodeableConcept {[CanonicalType[https://twcore.mohw.gov.tw/ig/twcore/StructureDefinition/CodeableConcept-tw]]} {[]}
","給藥的整體模式","給病人的給藥整體模型描述","這個屬性不應與藥物治療計畫（protocol）混淆","","","","","","","","",,"example","可參考[medicationRequest Course of Therapy Codes](http://hl7.org/fhir/R4/valueset-medicationrequest-course-of-therapy.html)代碼表，但此代碼表只是針對這個欄位的一個可能值的示例，不預期也不鼓勵使用者一定要使用此代碼表的代碼。","http://hl7.org/fhir/ValueSet/medicationrequest-course-of-therapy","",,,,"MedicationRequest.courseOfTherapyType",0,1,"ele-1
","ele-1:All FHIR elements must have a @value or children {hasValue() or (children().count() > id.count())}
","n/a","CD","CE/CNE/CWE"
"MedicationRequest.insurance","MedicationRequest.insurance","","","",0,*,"","","","Reference {[]} {[CanonicalType[http://hl7.org/fhir/StructureDefinition/Coverage], CanonicalType[http://hl7.org/fhir/StructureDefinition/ClaimResponse]]}
","相關的保險承保範圍","提供此請求服務可能需要的保險計畫、擴大承保範圍、預先授權和／或預先決定。","","","","","","","","","",,,,,"",,,,"MedicationRequest.insurance",0,*,"","ele-1:All FHIR elements must have a @value or children {hasValue() or (children().count() > id.count())}
","Request.insurance",".outboundRelationship[typeCode=COVBY].target"
"MedicationRequest.note","MedicationRequest.note","","","",0,*,"Y","","","Annotation {[]} {[]}
","關於處方的資訊","關於處方的附加資訊，不能由其他屬性來傳達。","","","","","","","","","",,,,,"",,,,"MedicationRequest.note",0,*,"","ele-1:All FHIR elements must have a @value or children {hasValue() or (children().count() > id.count())}
","Request.note","Message/Body/NewRx/MedicationPrescribed/Note",".inboundRelationship[typeCode=SUBJ]/source[classCode=OBS,moodCode=EVN,code=""annotation""].value"
"MedicationRequest.dosageInstruction","MedicationRequest.dosageInstruction","","","",1,*,"Y","","","Dosage {[]} {[]}
","應該如何用藥","表明病人的用藥方式","在一些例子中，藥品處方可包括口服劑量或靜脈注射或肌肉注射劑量的選擇。例如：「昂丹司瓊（Ondansetron）8毫克口服或靜脈注射，每天兩次，治療噁心」或 「康帕辛® （Compazine®）【丙氯拉嗪（prochlorperazine）】5-10毫克口服（PO）或25毫克經直腸給藥（PR） 每天早、晚（飯後）1次（bid） 需要時使用（prn）噁心或嘔吐 」。在這些情況下，這兩個醫令的建立可歸為一組藥品醫令，基於病人在需要用藥時的情況決定使用哪種劑量和給藥途徑。","","","","","","","","",,,,,"",,,,"MedicationRequest.dosageInstruction",0,*,"","ele-1:All FHIR elements must have a @value or children {hasValue() or (children().count() > id.count())}
","Request.occurrence[x]","see dosageInstruction mapping"
"MedicationRequest.dosageInstruction.id","MedicationRequest.dosageInstruction.id","","","",0,1,"","","","string {[]} {[]}
","唯一可識別ID，以供資料項目間相互參照。","resource中資料項目的唯一ID（用於內部參照）。這可以是任何不含空格的字串。","","","","","","","","","",,,,,"",,,,"Element.id",0,1,"","","n/a"
"MedicationRequest.dosageInstruction.extension","MedicationRequest.dosageInstruction.extension","","","",0,*,"","","","Extension {[]} {[]}
","擴充的資料項目","可用於表示不屬於此資料項目基本定義的附加資訊。為了擴充的使用安全和可管理，對擴充的定義和使用有一套嚴格的管理。儘管任何實作者都可以定義一個擴充，但作為擴充定義的一部分，有一套要求 **必須（SHALL）** 滿足。","無論使用或定義擴充的機構或管轄區，任何應用程式、專案或標準使用擴充都不背負任何汙名（stigma）。使用擴充是允許FHIR規範為每個人保留一個核心的簡易性。","","","","","","","","",,,,,"","value:url}
","Extensions are always sliced by (at least) url",,"open","Element.extension",0,*,"","ele-1:All FHIR elements must have a @value or children {hasValue() or (children().count() > id.count())}
ext-1:Must have either extensions or value[x], not both {extension.exists() != value.exists()}"
"MedicationRequest.dosageInstruction.modifierExtension","MedicationRequest.dosageInstruction.modifierExtension","","","",0,*,"","Y","Y","Extension {[]} {[]}
","此擴充的資料項目可能會完全修正或改變其他資料項目的意涵，需特別留意。","可以用來表示不屬於資料項目的基本定義的附加資訊，並且修改對它所內嵌（contained）的資料項目的理解和（或）對包含資料項目之後續使用的理解。通常，修飾用的資料項目提供否定或限定。為了使擴充的使用安全和可管理，對擴充的定義和使用有一套嚴格的管理。儘管任何實作者都可以定義一個擴充，但作為擴充定義的一部分，有一套要求 **必須（SHALL）** 滿足。處理resource的應用程式被要求檢查修飾用的擴充資料項目。 
 修飾用的擴充資料項目 **必須沒有（SHALL NOT）** 改變resource或DomainResource上任何資料項目的含義（包括不能改變modifierExtension本身的含義）。","無論使用或定義擴充的機構或管轄區，任何應用程式、專案或標準使用擴充都不背負任何汙名（stigma）。使用擴充是允許FHIR規範為每個人保留一個核心的簡易性。","修飾用的資料項目擴充將不能安全地忽略的擴充與絕大多數可以安全地忽略的擴充明確區分開來。透過消除禁止實作者擴充存在的需求來促進可互通性。更多訊息，請參見[修飾用的資料項目擴充之定義](http://hl7.org/fhir/R4/extensibility.html#modifierExtension)。","","","","","","","",,,,,"",,,,"BackboneElement.modifierExtension",0,*,"","ele-1:All FHIR elements must have a @value or children {hasValue() or (children().count() > id.count())}
ext-1:Must have either extensions or value[x], not both {extension.exists() != value.exists()}"
"MedicationRequest.dosageInstruction.sequence","MedicationRequest.dosageInstruction.sequence","","","",0,1,"","","Y","integer {[]} {[]}
","劑量指示的順序","表明使用或解釋劑量指示的順序","","如果多個劑量的序號是相同的，那麼就意味著這些指示將被視為同時進行。如果序號不同，那麼這些劑量將是依續使用。","","","","","","","",,,,,"",,,,"Dosage.sequence",0,1,"","ele-1:All FHIR elements must have a @value or children {hasValue() or (children().count() > id.count())}
",".text","TQ1-1"
"MedicationRequest.dosageInstruction.text","MedicationRequest.dosageInstruction.text","","","",0,1,"Y","","Y","string {[]} {[]}
","純文字表述的劑量指示，例如：SIG。","純文字表述的劑量指示，例如：SIG。","","純文字表述劑量指示可用於說明太複雜而無法編碼的案例。此屬性的內容不包括藥品的名稱或描述。當有已編碼的指示，純文字表述說明可能仍然存在，以顯示給服用藥品或給藥的人。文字指示預計將始終被填入。如果dosage.timing屬性也被填入，那麼dosage.text應該反映與timing相同的資訊。關於給藥或準備藥品的附加資訊應作為文字包括在內。","","","","","","","",,,,,"",,,,"Dosage.text",0,1,"","ele-1:All FHIR elements must have a @value or children {hasValue() or (children().count() > id.count())}
",".text","RXO-6; RXE-21"
"MedicationRequest.dosageInstruction.additionalInstruction","MedicationRequest.dosageInstruction.additionalInstruction","","","",0,*,"","","","CodeableConcept {[CanonicalType[https://twcore.mohw.gov.tw/ig/twcore/StructureDefinition/CodeableConcept-tw]]} {[]}
","對病人的補充指示或警告－例如：「隨餐服用」，「可能引起嗜睡」","向病人提供關於如何服藥的補充指示（例如 「隨餐服用」或「在進食前半小時服用」）或給病人的藥品警告（例如「可能導致嗜睡 」或「避免皮膚暴露於陽光直射或人工強光燈（日曬用）下」）。","應在dosage.text中填入關於用藥或準備藥品的資訊（例如： 「盡可能快地透過腹膜內口輸液」或 「在用 x 藥後立即服用」）。","附加指示是要編碼的，但在沒有編碼的情況下，此資料項目可以包括文字。例如，「用大量的水吞咽」，這可能編碼也可能不編碼。","","","","","","","",,"example","一個編碼的概念，確定額外的指示，如「與水一起服用」或「避免操作重型機器」；可參考SNOMEDCTAdditionalDosageInstructions代碼表，但此代碼表只是針對這個欄位的一個可能值的示例，不預期也不鼓勵使用者一定要使用此代碼表的代碼。","http://hl7.org/fhir/ValueSet/additional-instruction-codes","",,,,"Dosage.additionalInstruction",0,*,"ele-1
","ele-1:All FHIR elements must have a @value or children {hasValue() or (children().count() > id.count())}
","n/a","CD","CE/CNE/CWE"
"MedicationRequest.dosageInstruction.patientInstruction","MedicationRequest.dosageInstruction.patientInstruction","","","",0,1,"","","Y","string {[]} {[]}
","以病人或消費者為導向的指示","用病人或消費者能理解的術語提供指示","","","","","","","","","",,,,,"",,,,"Dosage.patientInstruction",0,1,"","ele-1:All FHIR elements must have a @value or children {hasValue() or (children().count() > id.count())}
",".text","RXO-7"
"MedicationRequest.dosageInstruction.timing","MedicationRequest.dosageInstruction.timing","","","",1,1,"Y","","Y","Timing {[]} {[]}
","應該何時給藥；時間的寫法請參照Timimg datatype。","應該何時給藥","這個屬性可能並不總是被填入，而Dosage.text預計會被填入。如果兩者都被填入，那麼Dosage.text應反映Dosage.timing的內容。","病人用藥的時間安排。這種data type允許許多不同的表達方式。例如：「每8小時一次」；「一天三次」；「從2011年12月23日開始的10天裡，早餐前半小時」；「2013年10月15日、2013年10月17日和2013年11月1日」。有時，當率值（rate）為總容量／期間，其「期間」意指（例如：500mL／2小時）之持續期間為2小時。但當率值非意指「持續期間」時（例如：250mL／小時），則需要timing.repeat.duration來表達輸液的時間區間。","","","","","","","",,,,,"",,,,"Dosage.timing",0,1,"","ele-1:All FHIR elements must have a @value or children {hasValue() or (children().count() > id.count())}
",".effectiveTime"
"MedicationRequest.dosageInstruction.timing.id","MedicationRequest.dosageInstruction.timing.id","","","",0,1,"","","","string {[]} {[]}
","唯一可識別ID，以供資料項目間相互參照。","resource中資料項目的唯一ID（用於內部參照）。這可以是任何不含空格的字串。","","","","","","","","","",,,,,"",,,,"Element.id",0,1,"","","n/a"
"MedicationRequest.dosageInstruction.timing.extension","MedicationRequest.dosageInstruction.timing.extension","","","",0,*,"","","","Extension {[]} {[]}
","擴充的資料項目","可用於表示不屬於此資料項目基本定義的附加資訊。為了擴充的使用安全和可管理，對擴充的定義和使用有一套嚴格的管理。儘管任何實作者都可以定義一個擴充，但作為擴充定義的一部分，有一套要求 **必須（SHALL）** 滿足。","無論使用或定義擴充的機構或管轄區，任何應用程式、專案或標準使用擴充都不背負任何汙名（stigma）。使用擴充是允許FHIR規範為每個人保留一個核心的簡易性。","","","","","","","","",,,,,"","value:url}
","Extensions are always sliced by (at least) url",,"open","Element.extension",0,*,"","ele-1:All FHIR elements must have a @value or children {hasValue() or (children().count() > id.count())}
ext-1:Must have either extensions or value[x], not both {extension.exists() != value.exists()}"
"MedicationRequest.dosageInstruction.timing.modifierExtension","MedicationRequest.dosageInstruction.timing.modifierExtension","","","",0,*,"","Y","Y","Extension {[]} {[]}
","此擴充的資料項目可能會完全修正或改變其他資料項目的意涵，需特別留意。","可以用來表示不屬於資料項目的基本定義的附加資訊，並且修改對它所內嵌（contained）的資料項目的理解和（或）對包含資料項目之後續使用的理解。通常，修飾用的資料項目提供否定或限定。為了使擴充的使用安全和可管理，對擴充的定義和使用有一套嚴格的管理。儘管任何實作者都可以定義一個擴充，但作為擴充定義的一部分，有一套要求 **必須（SHALL）** 滿足。處理resource的應用程式被要求檢查修飾用的擴充資料項目。 
 修飾用的擴充資料項目 **必須沒有（SHALL NOT）** 改變resource或DomainResource上任何資料項目的含義（包括不能改變modifierExtension本身的含義）。","無論使用或定義擴充的機構或管轄區，任何應用程式、專案或標準使用擴充都不背負任何汙名（stigma）。使用擴充是允許FHIR規範為每個人保留一個核心的簡易性。","修飾用的資料項目擴充將不能安全地忽略的擴充與絕大多數可以安全地忽略的擴充明確區分開來。透過消除禁止實作者擴充存在的需求來促進可互通性。更多訊息，請參見[修飾用的資料項目擴充之定義](http://hl7.org/fhir/R4/extensibility.html#modifierExtension)。","","","","","","","",,,,,"",,,,"BackboneElement.modifierExtension",0,*,"","ele-1:All FHIR elements must have a @value or children {hasValue() or (children().count() > id.count())}
ext-1:Must have either extensions or value[x], not both {extension.exists() != value.exists()}"
"MedicationRequest.dosageInstruction.timing.event","MedicationRequest.dosageInstruction.timing.event","","","",0,*,"","","Y","dateTime {[]} {[]}
","事件發生的時間","指明事件發生的特定時間","","例如：在一份用藥記錄中，你需要把一個一般的規範變成一個精確的規範。","","","","","","","",,,,,"",,,,"Timing.event",0,*,"","ele-1:All FHIR elements must have a @value or children {hasValue() or (children().count() > id.count())}
","QLIST<TS>"
"MedicationRequest.dosageInstruction.timing.repeat","MedicationRequest.dosageInstruction.timing.repeat","","","",0,1,"","","Y","Element {[]} {[]}
","事件定期重複發生的時間","一組描述事件何時被安排的規則","","定期重複的時間安排","","","","","","","",,,,,"",,,,"Timing.repeat",0,1,"","ele-1:All FHIR elements must have a @value or children {hasValue() or (children().count() > id.count())}
tim-1:if there's a duration, there needs to be duration units {duration.empty() or durationUnit.exists()}tim-2:if there's a period, there needs to be period units {period.empty() or periodUnit.exists()}tim-4:duration SHALL be a non-negative value {duration.exists() implies duration >= 0}tim-5:period SHALL be a non-negative value {period.exists() implies period >= 0}tim-6:If there's a periodMax, there must be a period {periodMax.empty() or period.exists()}tim-7:If there's a durationMax, there must be a duration {durationMax.empty() or duration.exists()}tim-8:If there's a countMax, there must be a count {countMax.empty() or count.exists()}tim-9:If there's an offset, there must be a when (and not C, CM, CD, CV) {offset.empty() or (when.exists() and ((when in ('C' | 'CM' | 'CD' | 'CV')).not()))}tim-10:If there's a timeOfDay, there cannot be a when, or vice versa {timeOfDay.empty() or when.empty()}","Implies PIVL or EIVL"
"MedicationRequest.dosageInstruction.timing.repeat.id","MedicationRequest.dosageInstruction.timing.repeat.id","","","",0,1,"","","","string {[]} {[]}
","唯一可識別ID，以供資料項目間相互參照。","resource中資料項目的唯一ID（用於內部參照）。這可以是任何不含空格的字串。","","","","","","","","","",,,,,"",,,,"Element.id",0,1,"","","n/a"
"MedicationRequest.dosageInstruction.timing.repeat.extension","MedicationRequest.dosageInstruction.timing.repeat.extension","","","",0,*,"","","","Extension {[]} {[]}
","擴充的資料項目","可用於表示不屬於此資料項目基本定義的附加資訊。為了擴充的使用安全和可管理，對擴充的定義和使用有一套嚴格的管理。儘管任何實作者都可以定義一個擴充，但作為擴充定義的一部分，有一套要求 **必須（SHALL）** 滿足。","無論使用或定義擴充的機構或管轄區，任何應用程式、專案或標準使用擴充都不背負任何汙名（stigma）。使用擴充是允許FHIR規範為每個人保留一個核心的簡易性。","","","","","","","","",,,,,"","value:url}
","Extensions are always sliced by (at least) url",,"open","Element.extension",0,*,"","ele-1:All FHIR elements must have a @value or children {hasValue() or (children().count() > id.count())}
ext-1:Must have either extensions or value[x], not both {extension.exists() != value.exists()}"
"MedicationRequest.dosageInstruction.timing.repeat.bounds[x]","MedicationRequest.dosageInstruction.timing.repeat.bounds[x]","","","",0,1,"","","Y","Duration {[]} {[]}
Range {[]} {[]}Period {[]} {[]}","時間或期間長度／長度範圍，或（開始和／或結束）限制","時間長度或可能的時間長度範圍，或開始和／或結束時間。","","","","","","","","","",,,,,"",,,,"Timing.repeat.bounds[x]",0,1,"","ele-1:All FHIR elements must have a @value or children {hasValue() or (children().count() > id.count())}
","IVL(TS) used in a QSI"
"MedicationRequest.dosageInstruction.timing.repeat.count","MedicationRequest.dosageInstruction.timing.repeat.count","","","",0,1,"","","Y","positiveInt {[]} {[]}
","重複的次數","在整個持續期間內，期望重複的總次數。如果countMax這個資料項目存在，此count資料項目表示允許次數範圍的下限。","如果你同時擁有bounds和count這兩個資料項目，那麼這應該被理解為在bounds期間，發生count的次數。","重複次數可透過設定結束時間或總發生次數作限制","","","","","","","",,,,,"",,,,"Timing.repeat.count",0,1,"","ele-1:All FHIR elements must have a @value or children {hasValue() or (children().count() > id.count())}
","PIVL.count"
"MedicationRequest.dosageInstruction.timing.repeat.countMax","MedicationRequest.dosageInstruction.timing.repeat.countMax","","","",0,1,"","","Y","positiveInt {[]} {[]}
","重複的最大次數","如果countMax存在，表示count是一個範圍，如此可在［count］和［countMax］之間的重複次數執行動作。","","","","","","","","","",,,,,"",,,,"Timing.repeat.countMax",0,1,"","ele-1:All FHIR elements must have a @value or children {hasValue() or (children().count() > id.count())}
","PIVL.count"
"MedicationRequest.dosageInstruction.timing.repeat.duration","MedicationRequest.dosageInstruction.timing.repeat.duration","","","",0,1,"","","Y","decimal {[]} {[]}
","此事件持續多久時間","這件事發生的時候會持續多久時間。如果durationMax這個資料項目存在，則此duration資料項目表示持續時間的允許範圍之下限。","對於一些事件，持續時間是事件定義的一部分（例如：靜脈輸液，持續時間隱含於特定輸液量及速度）。對於其他事件，它是時間規範的一部分（例如：運動持續時間）。","有些活動不是立即發生，需要維持一段時間。","","","","","","","",,,,,"",,,,"Timing.repeat.duration",0,1,"","ele-1:All FHIR elements must have a @value or children {hasValue() or (children().count() > id.count())}
","PIVL.phase"
"MedicationRequest.dosageInstruction.timing.repeat.durationMax","MedicationRequest.dosageInstruction.timing.repeat.durationMax","","","",0,1,"","","Y","decimal {[]} {[]}
","此事件持續多久時間 （最長時間／最大值）","如果durationMax這個資料項目存在，表示duration資料項目是一個範圍的下限 — 所以要在［duration］和［durationMax］之間執行此活動。","對於一些事件，持續時間是事件定義的一部分（例如：靜脈輸液，持續時間隱含於特定輸液量及速度）。對於其他事件，它是時間規範的一部分（例如：運動持續時間）。","有些活動不是立即發生，需要維持一段時間。","","","","","","","",,,,,"",,,,"Timing.repeat.durationMax",0,1,"","ele-1:All FHIR elements must have a @value or children {hasValue() or (children().count() > id.count())}
","PIVL.phase"
"MedicationRequest.dosageInstruction.timing.repeat.durationUnit","MedicationRequest.dosageInstruction.timing.repeat.durationUnit","","","",0,1,"","","Y","code {[]} {[]}
","s ｜ min ｜ h ｜ d ｜ wk ｜ mo ｜ a - 單位時間 （unit of time，UCUM）","持續時間的單位，以UCUM為單位。","","","","","","","","","",,"required","時間的單位（單位來自UCUM）；應填入UnitsOfTime代碼表中的其中一個代碼","http://hl7.org/fhir/ValueSet/units-of-time|4.0.1","",,,,"Timing.repeat.durationUnit",0,1,"","ele-1:All FHIR elements must have a @value or children {hasValue() or (children().count() > id.count())}
","PIVL.phase.unit"
"MedicationRequest.dosageInstruction.timing.repeat.frequency","MedicationRequest.dosageInstruction.timing.repeat.frequency","","","",0,1,"","","Y","positiveInt {[]} {[]}
","此事件於每一期間的發生頻率","在特定期間內重複動作的次數。如果frequencyMax存在，此frequency資料項目表示頻率的允許範圍的下限。","","","","If no frequency is stated, the assumption is that the event occurs once per period, but systems SHOULD always be specific about this","","","","","",,,,,"",,,,"Timing.repeat.frequency",0,1,"","ele-1:All FHIR elements must have a @value or children {hasValue() or (children().count() > id.count())}
","PIVL.phase"
"MedicationRequest.dosageInstruction.timing.repeat.frequencyMax","MedicationRequest.dosageInstruction.timing.repeat.frequencyMax","","","",0,1,"","","Y","positiveInt {[]} {[]}
","此事件於每一期間的最大發生頻率","如果frequencyMax存在，frequency資料項目表示頻率範圍的下限 – 所以要在［frequency］和［frequencyMax］之間重複執行此活動。","","","","","","","","","",,,,,"",,,,"Timing.repeat.frequencyMax",0,1,"","ele-1:All FHIR elements must have a @value or children {hasValue() or (children().count() > id.count())}
","PIVL.phase"
"MedicationRequest.dosageInstruction.timing.repeat.period","MedicationRequest.dosageInstruction.timing.repeat.period","","","",0,1,"","","Y","decimal {[]} {[]}
","此事件於特定時間區間所發生的頻率","表示重複發生的時間區間；例如：為了表示「每天3次」，3次是頻率（frequency），1天是週期（period）。如果存在periodMax資料項目，此period資料項目表示時間區間長度的允許範圍的下限。","","","","","","","","","",,,,,"",,,,"Timing.repeat.period",0,1,"","ele-1:All FHIR elements must have a @value or children {hasValue() or (children().count() > id.count())}
","PIVL.phase"
"MedicationRequest.dosageInstruction.timing.repeat.periodMax","MedicationRequest.dosageInstruction.timing.repeat.periodMax","","","",0,1,"","","Y","decimal {[]} {[]}
","時間區間的上限（3-4小時）","如果periodMax存在，表示時間區間是一個從［period］到［periodMax］的範圍，允許表達像是「每3至5天一次」的概念。","","","","","","","","","",,,,,"",,,,"Timing.repeat.periodMax",0,1,"","ele-1:All FHIR elements must have a @value or children {hasValue() or (children().count() > id.count())}
","PIVL.phase"
"MedicationRequest.dosageInstruction.timing.repeat.periodUnit","MedicationRequest.dosageInstruction.timing.repeat.periodUnit","","","",0,1,"","","Y","code {[]} {[]}
","s ｜ min ｜ h ｜ d ｜ wk ｜ mo ｜ a - 單位時間 （unit of time，UCUM）","持續時間的單位，以UCUM為單位。","","","","","","","","","",,"required","時間的單位（單位來自UCUM）；應填入UnitsOfTime代碼表中的其中一個代碼","http://hl7.org/fhir/ValueSet/units-of-time|4.0.1","",,,,"Timing.repeat.periodUnit",0,1,"","ele-1:All FHIR elements must have a @value or children {hasValue() or (children().count() > id.count())}
","PIVL.phase.unit"
"MedicationRequest.dosageInstruction.timing.repeat.dayOfWeek","MedicationRequest.dosageInstruction.timing.repeat.dayOfWeek","","","",0,*,"","","Y","code {[]} {[]}
","mon ｜ tue ｜ wed ｜ thu ｜ fri ｜ sat ｜ sun","如果提供的資訊為一星期中的一天或多天，那麼此活動只發生在這特定的幾天。","如果沒有指定天數，則假定該活動每天都會發生，否則就會指定。資料項目frequency和period不能與dayOfWeek同時使用。","","","","","","","","",,"required","應填入DaysOfWeek代碼表中的其中一個代碼","http://hl7.org/fhir/ValueSet/days-of-week|4.0.1","",,,,"Timing.repeat.dayOfWeek",0,*,"","ele-1:All FHIR elements must have a @value or children {hasValue() or (children().count() > id.count())}
","n/a"
"MedicationRequest.dosageInstruction.timing.repeat.timeOfDay","MedicationRequest.dosageInstruction.timing.repeat.timeOfDay","","","",0,*,"","","Y","time {[]} {[]}
","一天中的活動時間","具體說明一天中活動進行的時間","當指定了一天中的時間時，就會推斷出該活動每天都會在指定的時間發生（由dayofWeek篩選）。資料項目when、frequency和period不能和timeOfDay一起使用。","","","","","","","","",,,,,"",,,,"Timing.repeat.timeOfDay",0,*,"","ele-1:All FHIR elements must have a @value or children {hasValue() or (children().count() > id.count())}
","n/a"
"MedicationRequest.dosageInstruction.timing.repeat.when","MedicationRequest.dosageInstruction.timing.repeat.when","","","",0,*,"","","Y","code {[]} {[]}
","事件發生的時間區間之代碼","一天中的一個大致時段，可能與日常生活中的某一事件有關，表明該活動應在何時發生。","當一個以上的事件被列出，則此事件被綁定至合併的數個特定事件。","時間經常由特定事件的發生所決定，例如：起床、吃飯和睡覺。","","","","","","","",,"required","與時程表有關的真實世界事件；應填入EventTiming代碼表中的其中一個代碼","http://hl7.org/fhir/ValueSet/event-timing|4.0.1","",,,,"Timing.repeat.when",0,*,"","ele-1:All FHIR elements must have a @value or children {hasValue() or (children().count() > id.count())}
","EIVL.event"
"MedicationRequest.dosageInstruction.timing.repeat.offset","MedicationRequest.dosageInstruction.timing.repeat.offset","","","",0,1,"","","Y","unsignedInt {[]} {[]}
","事件的分鐘數（之前或之後）","距離特定事件發生的分鐘數。如果事件代碼沒有表明該分鐘是在事件之前還是之後，則假定該offset是指特定事件發生後的分鐘數。","","","","","","","","","",,,,,"",,,,"Timing.repeat.offset",0,1,"","ele-1:All FHIR elements must have a @value or children {hasValue() or (children().count() > id.count())}
","EIVL.offset"
"MedicationRequest.dosageInstruction.timing.code","MedicationRequest.dosageInstruction.timing.code","","","",0,1,"Y","","","CodeableConcept {[CanonicalType[https://twcore.mohw.gov.tw/ig/twcore/StructureDefinition/CodeableConcept-tw]]} {[]}
","BID ｜ TID ｜ QID ｜ AM ｜ PM ｜ QD ｜ QOD ｜ +","活動發生時機之代碼（或只是code.text中的文字）。像是BID的一些代碼到處都有，但許多機構定義它們自己的額外代碼。如果提供了一個代碼，此代碼被理解為是結構化時間資料中規定的任何內容的完整陳述，代碼或資料都可用於解釋時機（Timing），但.repeat.bounds適用於代碼（且不包含在代碼中）的例外。","BID等被定義為「在機構特定的時間」。例如：一個機構可以選擇BID是 「總是在早上7點和下午6點」。如果這種選項是不合適的，就不應該使用代碼BID。反之，應使用一個獨特的機構特定代碼來代替HL7定義的BID代碼和／或使用一個結構化表示法（在這種情況下，具體說明兩個事件時間）。","","","","","","","","",,"preferred","已知／確定的時間模式之代碼；鼓勵使用TimingAbbreviation代碼表中的代碼， 但不強制一定要使用此代碼表，你也可使用其他代碼表的代碼或單純以文字表示。","http://hl7.org/fhir/ValueSet/timing-abbreviation","",,,,"Timing.code",0,1,"ele-1
","ele-1:All FHIR elements must have a @value or children {hasValue() or (children().count() > id.count())}
","n/a","CD","CE/CNE/CWE"
"MedicationRequest.dosageInstruction.timing.code.id","MedicationRequest.dosageInstruction.timing.code.id","","","",0,1,"","","","string {[]} {[]}
","唯一可識別ID，以供資料項目間相互參照。","resource中資料項目的唯一ID（用於內部參照）。這可以是任何不含空格的字串。","","","","","","","","","",,,,,"",,,,"Element.id",0,1,"","","n/a"
"MedicationRequest.dosageInstruction.timing.code.extension","MedicationRequest.dosageInstruction.timing.code.extension","","","",0,*,"","","","Extension {[]} {[]}
","擴充的資料項目","可用於表示不屬於此資料項目基本定義的附加資訊。為了擴充的使用安全和可管理，對擴充的定義和使用有一套嚴格的管理。儘管任何實作者都可以定義一個擴充，但作為擴充定義的一部分，有一套要求 **必須（SHALL）** 滿足。","無論使用或定義擴充的機構或管轄區，任何應用程式、專案或標準使用擴充都不背負任何汙名（stigma）。使用擴充是允許FHIR規範為每個人保留一個核心的簡易性。","","","","","","","","",,,,,"","value:url}
","Extensions are always sliced by (at least) url",,"open","Element.extension",0,*,"","ele-1:All FHIR elements must have a @value or children {hasValue() or (children().count() > id.count())}
ext-1:Must have either extensions or value[x], not both {extension.exists() != value.exists()}"
"MedicationRequest.dosageInstruction.timing.code.coding","MedicationRequest.dosageInstruction.timing.code.coding","","","",1,1,"Y","","","Coding {[CanonicalType[https://twcore.mohw.gov.tw/ig/twcore/StructureDefinition/Coding-tw]]} {[]}
","由專門術語系統（terminology system）定義的代碼","由專門術語系統（terminology system）所定義之代碼的參照","代碼可以在列舉清單（enumerations）或代碼清單（code lists）中非常隨意地定義，直至有非常正式的定義，例如：SNOMED CT—更多資訊見HL7 v3核心原則（Core Principles ）。編碼的排序是未定義的因而 **必須沒有（SHALL NOT）** 被用來推斷意義。一般來說，最多只有一個編碼值（coding values）會被標記為UserSelected = true。","允許代碼系統中的替代編碼，以及翻譯到其他編碼系統。","","","","","","","",,,,,"","pattern:$this}
","",,"open","CodeableConcept.coding",0,*,"ele-1
","ele-1:All FHIR elements must have a @value or children {hasValue() or (children().count() > id.count())}
","n/a","CV","CE/CNE/CWE subset one of the sets of component 1-3 or 4-6"
"MedicationRequest.dosageInstruction.timing.code.coding:medication-frequency","MedicationRequest.dosageInstruction.timing.code.coding","medication-frequency","","",1,1,"Y","","","Coding {[CanonicalType[https://twcore.mohw.gov.tw/ig/twcore/StructureDefinition/Coding-tw]]} {[]}
","由專門術語系統（terminology system）定義的代碼","由專門術語系統（terminology system）所定義之代碼的參照","代碼可以在列舉清單（enumerations）或代碼清單（code lists）中非常隨意地定義，直至有非常正式的定義，例如：SNOMED CT—更多資訊見HL7 v3核心原則（Core Principles ）。編碼的排序是未定義的因而 **必須沒有（SHALL NOT）** 被用來推斷意義。一般來說，最多只有一個編碼值（coding values）會被標記為UserSelected = true。","允許代碼系統中的替代編碼，以及翻譯到其他編碼系統。","","","","","","","",,"required","應填入[臺灣藥品使用頻率值集](https://twcore.mohw.gov.tw/ig/twcore/ValueSet-medication-frequency-tw.html)值集中的其中一個代碼","https://twcore.mohw.gov.tw/ig/twcore/ValueSet/medication-frequency-tw","",,,,"CodeableConcept.coding",0,*,"ele-1
","ele-1:All FHIR elements must have a @value or children {hasValue() or (children().count() > id.count())}
","n/a","CV","CE/CNE/CWE subset one of the sets of component 1-3 or 4-6"
"MedicationRequest.dosageInstruction.timing.code.text","MedicationRequest.dosageInstruction.timing.code.text","","","",0,1,"Y","","Y","string {[]} {[]}
","概念的文字標記法","輸入資料的使用者所見／所選／所說的人類可讀文字表述，和（或）其代表使用者的預期含義。","很多時候，此文字表述與其中一個代碼的顯示名稱相同。","專門術語中的代碼並不總是能捕捉人類使用的細微差別的正確意義，或者根本就沒有合適的代碼；這些情況下，文字表述被用來捕捉來源的全部意義。","","","","","","","",,,,,"",,,,"CodeableConcept.text",0,1,"","ele-1:All FHIR elements must have a @value or children {hasValue() or (children().count() > id.count())}
","./originalText[mediaType/code=""text/plain""]/data","C*E.9. But note many systems use C*E.2 for this"
"MedicationRequest.dosageInstruction.asNeeded[x]","MedicationRequest.dosageInstruction.asNeeded[x]","","","",0,1,"","","Y","boolean {[]} {[]}
CodeableConcept {[CanonicalType[https://twcore.mohw.gov.tw/ig/twcore/StructureDefinition/CodeableConcept-tw]]} {[]}","「根據（對x的）需要」服用
Binding：一個編碼概念，指明在服用或用藥之前應滿足或評估的先決條件。例如：「疼痛」、「性行為前30分鐘」、「發作時」等；可參考SNOMEDCTMedicationAsNeededReasonCodes代碼表，但此代碼表只是針對這個欄位的一個可能值的示例，不預期也不鼓勵使用者一定要使用此代碼表的代碼。","表明此藥品是否只在需要時在特定的用法（Boolean選項）服用，或者表明服用此藥品（CodeableConcept）的前提條件。","可以透過設定Boolean = True來表達不用填寫理由的「根據需要」。在這種情況下，CodeableConcept不會被填入任何值。或者你可以透過包括CodeableConcept來表達 「根據需要」的理由。在這種情況下，Boolean值被假定為True。如果您將Boolean值設置為「False」，那麼該劑量是根據時間表給予的，而不是 「prn」或 「根據需要」。","","","","","","","","",,"example","一個編碼概念，指明在服用或用藥之前應滿足或評估的先決條件。例如：「疼痛」、「性行為前30分鐘」、「發作時」等；可參考SNOMEDCTMedicationAsNeededReasonCodes代碼表，但此代碼表只是針對這個欄位的一個可能值的示例，不預期也不鼓勵使用者一定要使用此代碼表的代碼。","http://hl7.org/fhir/ValueSet/medication-as-needed-reason","",,,,"Dosage.asNeeded[x]",0,1,"","ele-1:All FHIR elements must have a @value or children {hasValue() or (children().count() > id.count())}
",".outboundRelationship[typeCode=PRCN].target[classCode=OBS, moodCode=EVN, code=""as needed""].value=boolean or codable concept","TQ1-9"
"MedicationRequest.dosageInstruction.site","MedicationRequest.dosageInstruction.site","","","",0,1,"","","","CodeableConcept {[CanonicalType[https://twcore.mohw.gov.tw/ig/twcore/StructureDefinition/CodeableConcept-tw]]} {[]}
","用藥之身體部位","用藥的身體部位","如果使用案例需要BodySite resource的屬性（例如：分別識別和追蹤），那麼就使用標準extension bodySite。可以是一個摘要代碼，也可以是對一個非常精確的位置定義的參照，或者兩者都是。","對藥品首次進入之人體解剖部位的編碼說明","","","","","","","",,"example","一個編碼概念，描述藥品進入或在身體上的位置；可參考SNOMEDCTAnatomicalStructureForAdministrationSiteCodes代碼表，但此代碼表只是針對這個欄位的一個可能值的示例，不預期也不鼓勵使用者一定要使用此代碼表的代碼。","http://hl7.org/fhir/ValueSet/approach-site-codes","",,,,"Dosage.site",0,1,"ele-1
","ele-1:All FHIR elements must have a @value or children {hasValue() or (children().count() > id.count())}
","n/a","CD","CE/CNE/CWE"
"MedicationRequest.dosageInstruction.route","MedicationRequest.dosageInstruction.route","","","",1,1,"Y","","","CodeableConcept {[CanonicalType[https://twcore.mohw.gov.tw/ig/twcore/StructureDefinition/CodeableConcept-tw]]} {[]}
","藥品應如何進入體內","藥品應如何進入體內","Not all terminology uses fit this general pattern. In some cases, models should not use CodeableConcept and use Coding directly and provide their own structure for managing text, codings, translations and the relationship between elements and pre- and post-coordination.","具體說明治療劑進入或到達病人體內的途徑或生理途徑之代碼","","","","","","","",,"example","一個編碼概念，描述治療劑進入或在受試者體內的用藥途徑或生理途徑；可參考SNOMEDCTRouteCodes代碼表，但此代碼表只是針對這個欄位的一個可能值的示例，不預期也不鼓勵使用者一定要使用此代碼表的代碼。","http://hl7.org/fhir/ValueSet/route-codes","",,,,"Dosage.route",0,1,"ele-1
","ele-1:All FHIR elements must have a @value or children {hasValue() or (children().count() > id.count())}
","n/a","CD","CE/CNE/CWE"
"MedicationRequest.dosageInstruction.route.id","MedicationRequest.dosageInstruction.route.id","","","",0,1,"","","","string {[]} {[]}
","唯一可識別ID，以供資料項目間相互參照。","resource中資料項目的唯一ID（用於內部參照）。這可以是任何不含空格的字串。","","","","","","","","","",,,,,"",,,,"Element.id",0,1,"","","n/a"
"MedicationRequest.dosageInstruction.route.extension","MedicationRequest.dosageInstruction.route.extension","","","",0,*,"","","","Extension {[]} {[]}
","擴充的資料項目","可用於表示不屬於此資料項目基本定義的附加資訊。為了擴充的使用安全和可管理，對擴充的定義和使用有一套嚴格的管理。儘管任何實作者都可以定義一個擴充，但作為擴充定義的一部分，有一套要求 **必須（SHALL）** 滿足。","無論使用或定義擴充的機構或管轄區，任何應用程式、專案或標準使用擴充都不背負任何汙名（stigma）。使用擴充是允許FHIR規範為每個人保留一個核心的簡易性。","","","","","","","","",,,,,"","value:url}
","Extensions are always sliced by (at least) url",,"open","Element.extension",0,*,"","ele-1:All FHIR elements must have a @value or children {hasValue() or (children().count() > id.count())}
ext-1:Must have either extensions or value[x], not both {extension.exists() != value.exists()}"
"MedicationRequest.dosageInstruction.route.coding","MedicationRequest.dosageInstruction.route.coding","","","",1,1,"Y","","","Coding {[CanonicalType[https://twcore.mohw.gov.tw/ig/twcore/StructureDefinition/Coding-tw]]} {[]}
","由專門術語系統（terminology system）定義的代碼","由專門術語系統（terminology system）所定義之代碼的參照","代碼可以在列舉清單（enumerations）或代碼清單（code lists）中非常隨意地定義，直至有非常正式的定義，例如：SNOMED CT—更多資訊見HL7 v3核心原則（Core Principles ）。編碼的排序是未定義的因而 **必須沒有（SHALL NOT）** 被用來推斷意義。一般來說，最多只有一個編碼值（coding values）會被標記為UserSelected = true。","允許代碼系統中的替代編碼，以及翻譯到其他編碼系統。","","","","","","","",,,,,"","pattern:$this}
","",,"open","CodeableConcept.coding",0,*,"ele-1
","ele-1:All FHIR elements must have a @value or children {hasValue() or (children().count() > id.count())}
","n/a","CV","CE/CNE/CWE subset one of the sets of component 1-3 or 4-6"
"MedicationRequest.dosageInstruction.route.coding:nhi-drug-path","MedicationRequest.dosageInstruction.route.coding","nhi-drug-path","","",1,1,"Y","","","Coding {[CanonicalType[https://twcore.mohw.gov.tw/ig/twcore/StructureDefinition/Coding-tw]]} {[]}
","由專門術語系統（terminology system）定義的代碼","由專門術語系統（terminology system）所定義之代碼的參照","代碼可以在列舉清單（enumerations）或代碼清單（code lists）中非常隨意地定義，直至有非常正式的定義，例如：SNOMED CT—更多資訊見HL7 v3核心原則（Core Principles ）。編碼的排序是未定義的因而 **必須沒有（SHALL NOT）** 被用來推斷意義。一般來說，最多只有一個編碼值（coding values）會被標記為UserSelected = true。","允許代碼系統中的替代編碼，以及翻譯到其他編碼系統。","","","","","","","",,"required","應填入[臺灣給藥途徑值集](https://twcore.mohw.gov.tw/ig/twcore/ValueSet-medication-path-tw.html)中的其中一個代碼","https://twcore.mohw.gov.tw/ig/twcore/ValueSet/medication-path-tw","",,,,"CodeableConcept.coding",0,*,"ele-1
","ele-1:All FHIR elements must have a @value or children {hasValue() or (children().count() > id.count())}
","n/a","CV","CE/CNE/CWE subset one of the sets of component 1-3 or 4-6"
"MedicationRequest.dosageInstruction.route.text","MedicationRequest.dosageInstruction.route.text","","","",0,1,"Y","","Y","string {[]} {[]}
","概念的文字標記法","輸入資料的使用者所見／所選／所說的人類可讀文字表述，和（或）其代表使用者的預期含義。","很多時候，此文字表述與其中一個代碼的顯示名稱相同。","專門術語中的代碼並不總是能捕捉人類使用的細微差別的正確意義，或者根本就沒有合適的代碼；這些情況下，文字表述被用來捕捉來源的全部意義。","","","","","","","",,,,,"",,,,"CodeableConcept.text",0,1,"","ele-1:All FHIR elements must have a @value or children {hasValue() or (children().count() > id.count())}
","./originalText[mediaType/code=""text/plain""]/data","C*E.9. But note many systems use C*E.2 for this"
"MedicationRequest.dosageInstruction.method","MedicationRequest.dosageInstruction.method","","","",0,1,"","","","CodeableConcept {[CanonicalType[https://twcore.mohw.gov.tw/ig/twcore/StructureDefinition/CodeableConcept-tw]]} {[]}
","用藥的技術","用藥的技術","使用的專門術語通常先組合配對（pre-coordinate）用藥途徑和／或劑型。","表示藥品進入或進入身體的方法的一個編碼值。最常用的方法為注射。例如：慢推、深靜脈。","","","","","","","",,"example","一個編碼概念，描述用藥的技術；可參考SNOMEDCTAdministrationMethodCodes代碼表，但此代碼表只是針對這個欄位的一個可能值的示例，不預期也不鼓勵使用者一定要使用此代碼表的代碼。","http://hl7.org/fhir/ValueSet/administration-method-codes","",,,,"Dosage.method",0,1,"ele-1
","ele-1:All FHIR elements must have a @value or children {hasValue() or (children().count() > id.count())}
","n/a","CD","CE/CNE/CWE"
"MedicationRequest.dosageInstruction.doseAndRate","MedicationRequest.dosageInstruction.doseAndRate","","","",0,*,"","","Y","Element {[]} {[]}
","用藥量","用藥量","","","","","","","","","",,,,,"",,,,"Dosage.doseAndRate",0,*,"","ele-1:All FHIR elements must have a @value or children {hasValue() or (children().count() > id.count())}
","TQ1-2"
"MedicationRequest.dosageInstruction.doseAndRate.id","MedicationRequest.dosageInstruction.doseAndRate.id","","","",0,1,"","","","string {[]} {[]}
","唯一可識別ID，以供資料項目間相互參照。","resource中資料項目的唯一ID（用於內部參照）。這可以是任何不含空格的字串。","","","","","","","","","",,,,,"",,,,"Element.id",0,1,"","","n/a"
"MedicationRequest.dosageInstruction.doseAndRate.extension","MedicationRequest.dosageInstruction.doseAndRate.extension","","","",0,*,"","","","Extension {[]} {[]}
","擴充的資料項目","可用於表示不屬於此資料項目基本定義的附加資訊。為了擴充的使用安全和可管理，對擴充的定義和使用有一套嚴格的管理。儘管任何實作者都可以定義一個擴充，但作為擴充定義的一部分，有一套要求 **必須（SHALL）** 滿足。","無論使用或定義擴充的機構或管轄區，任何應用程式、專案或標準使用擴充都不背負任何汙名（stigma）。使用擴充是允許FHIR規範為每個人保留一個核心的簡易性。","","","","","","","","",,,,,"","value:url}
","Extensions are always sliced by (at least) url",,"open","Element.extension",0,*,"","ele-1:All FHIR elements must have a @value or children {hasValue() or (children().count() > id.count())}
ext-1:Must have either extensions or value[x], not both {extension.exists() != value.exists()}"
"MedicationRequest.dosageInstruction.doseAndRate.type","MedicationRequest.dosageInstruction.doseAndRate.type","","","",0,1,"","","","CodeableConcept {[CanonicalType[https://twcore.mohw.gov.tw/ig/twcore/StructureDefinition/CodeableConcept-tw]]} {[]}
","特定劑量或比率種類","特定劑量或比率種類，例如：依處方或計算而來。","Not all terminology uses fit this general pattern. In some cases, models should not use CodeableConcept and use Coding directly and provide their own structure for managing text, codings, translations and the relationship between elements and pre- and post-coordination.","如果此type資料項目沒有被填入，則假定為「依處方（ordered）」。","","","","","","","",,"example","可參考DoseAndRateType代碼表，但此代碼表只是針對這個欄位的一個可能值的示例，不預期也不鼓勵使用者一定要使用此代碼表的代碼。","http://hl7.org/fhir/ValueSet/dose-rate-type","",,,,"Dosage.doseAndRate.type",0,1,"ele-1
","ele-1:All FHIR elements must have a @value or children {hasValue() or (children().count() > id.count())}
","n/a","CD","CE/CNE/CWE"
"MedicationRequest.dosageInstruction.doseAndRate.dose[x]","MedicationRequest.dosageInstruction.doseAndRate.dose[x]","","","",0,1,"","","Y","Range {[]} {[]}
Quantity {[CanonicalType[http://hl7.org/fhir/StructureDefinition/SimpleQuantity]]} {[]}","每一劑量的藥量","每一劑量的藥量","請注意這是指特定藥品量，而不是指每種有效成分量。每種成分量都可以在Medication resource中進行溝通。例如：如果想表達一錠375毫克的藥錠，劑量是一錠，你可以使用Medication resource來記錄此藥錠是由375毫克的藥物XYZ組成。或者，如果劑量是375毫克，那麼你可能只需要使用Medication resource來表明這是藥錠。如果是靜脈注射，例如：多巴胺，你想表明400毫克多巴胺被混合在500毫升的靜脈注射液中，那麼這些都將在Medication resource中呈現。如果用藥不打算是即時的（速率是存在的，或者時間是有期限的），這可具體說明以傳達在時間表所指示的時段之總用藥量，例如：500毫升的劑量應該在4小時內完成。","在一次用藥事件中給予的治療用或其他的物質量","","","","","","","",,,,,"",,,,"Dosage.doseAndRate.dose[x]",0,1,"","ele-1:All FHIR elements must have a @value or children {hasValue() or (children().count() > id.count())}
",".doseQuantity","RXO-2, RXE-3"
"MedicationRequest.dosageInstruction.doseAndRate.rate[x]","MedicationRequest.dosageInstruction.doseAndRate.rate[x]","","","",0,1,"","","Y","Ratio {[]} {[]}
Range {[]} {[]}Quantity {[CanonicalType[http://hl7.org/fhir/StructureDefinition/SimpleQuantity]]} {[]}","每時間單位內的用藥量","每時間單位內的用藥量","可同時提供rate和doseQuantity，以提供關於如何用藥和供應藥品的全部細節。如果速率打算隨著時間的推移而改變，根據當地的規則／法規，每次改變都應作為帶有更新速率的新版MedicationRequest來捕捉，或者用帶有新速率的新的MedicationRequest來捕捉。可以使用rateRatio和rateQuantity來指定一段時間內的比率（例如：100毫升／小時）。rateQuantity的方式要求系統有能力解析包含毫升／小時的UCUM語法，而不是將時間指定為分母的特定比率。如果指定了一個2小時500毫升的率值，使用rateRatio可能比使用rateQuantity指定250毫克／小時在語義上更正確。","指明藥品引入病人體內的速度。通常是指輸液的速度，例如：每1小時100毫升或100毫升／小時。也可表示為每單位時間的速度，例如：每2小時500毫升，其他例子如200微克／分鐘或200微克／1分鐘；1升／8小時。有時，當表示為總容量／持續時間時，速率可以隱喻持續時間（例如：500毫升／2小時隱喻持續時間為2小時）。然而，當速率未隱喻持續時間時（例如：250毫升／小時），則需要timing.repeat.duration來表達輸液的時間區間。","","","","","","","",,,,,"",,,,"Dosage.doseAndRate.rate[x]",0,1,"","ele-1:All FHIR elements must have a @value or children {hasValue() or (children().count() > id.count())}
",".rateQuantity","RXE22, RXE23, RXE-24"
"MedicationRequest.dosageInstruction.maxDosePerPeriod","MedicationRequest.dosageInstruction.maxDosePerPeriod","","","",0,1,"","","Y","Ratio {[]} {[]}
","每時間單位內用藥的上限","每時間單位內用藥的上限","這是為了在有上限的情況下作為劑量的輔助說明。例如：「每4小時2錠，一天最多8錠」。","在一段時間區間用於某一對象的治療用物質之最大總量。例如：24小時內1,000毫克。","","","","","","","",,,,,"",,,,"Dosage.maxDosePerPeriod",0,1,"","ele-1:All FHIR elements must have a @value or children {hasValue() or (children().count() > id.count())}
",".maxDoseQuantity","RXO-23, RXE-19"
"MedicationRequest.dosageInstruction.maxDosePerAdministration","MedicationRequest.dosageInstruction.maxDosePerAdministration","","","",0,1,"","","Y","Quantity {[CanonicalType[http://hl7.org/fhir/StructureDefinition/SimpleQuantity]]} {[]}
","每次用藥的上限","每次用藥的上限","這是為了在有上限的情況下作為劑量的輔助說明。例如：與體表面積有關的劑量有一個上限，如在5至10分鐘內靜脈注射1.5毫克／平方米（最多2毫克），其doseQuantity為1.5毫克／平方米，maxDosePerAdministration為2毫克。","每次用於某一對象治療用物質的最大總量","","","","","","","",,,,,"",,,,"Dosage.maxDosePerAdministration",0,1,"","ele-1:All FHIR elements must have a @value or children {hasValue() or (children().count() > id.count())}
","not supported"
"MedicationRequest.dosageInstruction.maxDosePerLifetime","MedicationRequest.dosageInstruction.maxDosePerLifetime","","","",0,1,"","","Y","Quantity {[CanonicalType[http://hl7.org/fhir/StructureDefinition/SimpleQuantity]]} {[]}
","病人一生中用藥的上限","病人一生中用藥的上限","","用於某一對象的治療用物質於其一生的最大總數量","","","","","","","",,,,,"",,,,"Dosage.maxDosePerLifetime",0,1,"","ele-1:All FHIR elements must have a @value or children {hasValue() or (children().count() > id.count())}
","not supported"
"MedicationRequest.dispenseRequest","MedicationRequest.dispenseRequest","","","",1,1,"Y","","","BackboneElement {[]} {[]}
","藥品供應授權","表明藥品處方【也稱為藥品醫令（Medication Order）】中的配藥或藥品供應部分的具體細節。請注意：這些資訊並不總是與醫令一起發送。在某些環境下（如醫院）機構或系統支援在藥劑部完成配藥的細節。","","","","","","","","","",,,,,"",,,,"MedicationRequest.dispenseRequest",0,1,"","ele-1:All FHIR elements must have a @value or children {hasValue() or (children().count() > id.count())}
","Message/Body/NewRx/MedicationPrescribed/ExpirationDate","component.supplyEvent"
"MedicationRequest.dispenseRequest.id","MedicationRequest.dispenseRequest.id","","","",0,1,"","","","string {[]} {[]}
","唯一可識別ID，以供資料項目間相互參照。","resource中資料項目的唯一ID（用於內部參照）。這可以是任何不含空格的字串。","","","","","","","","","",,,,,"",,,,"Element.id",0,1,"","","n/a"
"MedicationRequest.dispenseRequest.extension","MedicationRequest.dispenseRequest.extension","","","",0,*,"","","","Extension {[]} {[]}
","擴充的資料項目","可用於表示不屬於此資料項目基本定義的附加資訊。為了擴充的使用安全和可管理，對擴充的定義和使用有一套嚴格的管理。儘管任何實作者都可以定義一個擴充，但作為擴充定義的一部分，有一套要求**必須（SHALL）**滿足。","無論使用或定義擴充的機構或管轄區，任何應用程式、專案或標準使用擴充都不背負任何汙名（stigma）。使用擴充是允許FHIR規範為每個人保留一個核心的簡易性。","","","","","","","","",,,,,"",,,,"Element.extension",0,*,"","ele-1:All FHIR elements must have a @value or children {hasValue() or (children().count() > id.count())}
ext-1:Must have either extensions or value[x], not both {extension.exists() != value.exists()}"
"MedicationRequest.dispenseRequest.modifierExtension","MedicationRequest.dispenseRequest.modifierExtension","","","",0,*,"","Y","Y","Extension {[]} {[]}
","此擴充的資料項目可能會完全修正或改變其他資料項目的意涵，需特別留意。","可以用來表示不屬於資料項目的基本定義的附加資訊，並且修改對它所內嵌（contained）的資料項目的理解和（或）對包含資料項目之後續使用的理解。通常，修飾用的資料項目提供否定或限定。為了使擴充的使用安全和可管理，對擴充的定義和使用有一套嚴格的管理。儘管任何實作者都可以定義一個擴充，但作為擴充定義的一部分，有一套要求 **必須（SHALL）** 滿足。處理resource的應用程式被要求檢查修飾用的擴充資料項目。 
 修飾用的擴充資料項目 **必須沒有（SHALL NOT）** 改變resource或DomainResource上任何資料項目的含義（包括不能改變modifierExtension本身的含義）。","無論使用或定義擴充的機構或管轄區，任何應用程式、專案或標準使用擴充都不背負任何汙名（stigma）。使用擴充是允許FHIR規範為每個人保留一個核心的簡易性。","修飾用的資料項目擴充將不能安全地忽略的擴充與絕大多數可以安全地忽略的擴充明確區分開來。透過消除禁止實作者擴充存在的需求來促進可互通性。更多訊息，請參見[修飾用的資料項目擴充之定義](http://hl7.org/fhir/R4/extensibility.html#modifierExtension)。","","","","","","","",,,,,"",,,,"BackboneElement.modifierExtension",0,*,"","ele-1:All FHIR elements must have a @value or children {hasValue() or (children().count() > id.count())}
ext-1:Must have either extensions or value[x], not both {extension.exists() != value.exists()}"
"MedicationRequest.dispenseRequest.initialFill","MedicationRequest.dispenseRequest.initialFill","","","",0,1,"","","","BackboneElement {[]} {[]}
","首次依照處方配藥的細節","表明第一次配藥的數量或時間","如果填入此資料項目，必須包括數量或期間。","","","","","","","","",,,,,"",,,,"MedicationRequest.dispenseRequest.initialFill",0,1,"","ele-1:All FHIR elements must have a @value or children {hasValue() or (children().count() > id.count())}
","SubstanceAdministration -> ActRelationship[sequenceNumber = '1'] -> Supply"
"MedicationRequest.dispenseRequest.initialFill.id","MedicationRequest.dispenseRequest.initialFill.id","","","",0,1,"","","","string {[]} {[]}
","唯一可識別ID，以供資料項目間相互參照。","resource中資料項目的唯一ID（用於內部參照）。這可以是任何不含空格的字串。","","","","","","","","","",,,,,"",,,,"Element.id",0,1,"","","n/a"
"MedicationRequest.dispenseRequest.initialFill.extension","MedicationRequest.dispenseRequest.initialFill.extension","","","",0,*,"","","","Extension {[]} {[]}
","擴充的資料項目","可用於表示不屬於此資料項目基本定義的附加資訊。為了擴充的使用安全和可管理，對擴充的定義和使用有一套嚴格的管理。儘管任何實作者都可以定義一個擴充，但作為擴充定義的一部分，有一套要求**必須（SHALL）**滿足。","無論使用或定義擴充的機構或管轄區，任何應用程式、專案或標準使用擴充都不背負任何汙名（stigma）。使用擴充是允許FHIR規範為每個人保留一個核心的簡易性。","","","","","","","","",,,,,"",,,,"Element.extension",0,*,"","ele-1:All FHIR elements must have a @value or children {hasValue() or (children().count() > id.count())}
ext-1:Must have either extensions or value[x], not both {extension.exists() != value.exists()}"
"MedicationRequest.dispenseRequest.initialFill.modifierExtension","MedicationRequest.dispenseRequest.initialFill.modifierExtension","","","",0,*,"","Y","Y","Extension {[]} {[]}
","此擴充的資料項目可能會完全修正或改變其他資料項目的意涵，需特別留意。","可以用來表示不屬於資料項目的基本定義的附加資訊，並且修改對它所內嵌（contained）的資料項目的理解和（或）對包含資料項目之後續使用的理解。通常，修飾用的資料項目提供否定或限定。為了使擴充的使用安全和可管理，對擴充的定義和使用有一套嚴格的管理。儘管任何實作者都可以定義一個擴充，但作為擴充定義的一部分，有一套要求 **必須（SHALL）** 滿足。處理resource的應用程式被要求檢查修飾用的擴充資料項目。 
 修飾用的擴充資料項目 **必須沒有（SHALL NOT）** 改變resource或DomainResource上任何資料項目的含義（包括不能改變modifierExtension本身的含義）。","無論使用或定義擴充的機構或管轄區，任何應用程式、專案或標準使用擴充都不背負任何汙名（stigma）。使用擴充是允許FHIR規範為每個人保留一個核心的簡易性。","修飾用的資料項目擴充將不能安全地忽略的擴充與絕大多數可以安全地忽略的擴充明確區分開來。透過消除禁止實作者擴充存在的需求來促進可互通性。更多訊息，請參見[修飾用的資料項目擴充之定義](http://hl7.org/fhir/R4/extensibility.html#modifierExtension)。","","","","","","","",,,,,"",,,,"BackboneElement.modifierExtension",0,*,"","ele-1:All FHIR elements must have a @value or children {hasValue() or (children().count() > id.count())}
ext-1:Must have either extensions or value[x], not both {extension.exists() != value.exists()}"
"MedicationRequest.dispenseRequest.initialFill.quantity","MedicationRequest.dispenseRequest.initialFill.quantity","","","",0,1,"","","","Quantity {[CanonicalType[http://hl7.org/fhir/StructureDefinition/SimpleQuantity]]} {[]}
","首次配藥的數量","首次配藥量","","","","","","","","","",,,,,"",,,,"MedicationRequest.dispenseRequest.initialFill.quantity",0,1,"","ele-1:All FHIR elements must have a @value or children {hasValue() or (children().count() > id.count())}
","Supply.quantity[moodCode=RQO]"
"MedicationRequest.dispenseRequest.initialFill.duration","MedicationRequest.dispenseRequest.initialFill.duration","","","",0,1,"","","","Duration {[]} {[]}
","首次配藥的持續時間","預計首次配藥的時間持續長度","","","","","","","","","",,,,,"",,,,"MedicationRequest.dispenseRequest.initialFill.duration",0,1,"","ele-1:All FHIR elements must have a @value or children {hasValue() or (children().count() > id.count())}
","Supply.effectivetime[moodCode=RQO]"
"MedicationRequest.dispenseRequest.dispenseInterval","MedicationRequest.dispenseRequest.dispenseInterval","","","",0,1,"","","","Duration {[]} {[]}
","前後兩次配藥的最短時間間隔","前後兩次配藥必須間隔的最短時間","","","","","","","","","",,,,,"",,,,"MedicationRequest.dispenseRequest.dispenseInterval",0,1,"","ele-1:All FHIR elements must have a @value or children {hasValue() or (children().count() > id.count())}
","Supply.effectivetime[moodCode=RQO]"
"MedicationRequest.dispenseRequest.validityPeriod","MedicationRequest.dispenseRequest.validityPeriod","","","",0,1,"Y","","","Period {[]} {[]}
","處方可用以配藥的有效期限，可用來表示【健保卡欄位-M21慢連箋總給藥天數】的健保慢連箋總給藥天數資訊，需自行轉換為period dateTime格式之start=處方開立日，end=處方開立日+總給藥天數之日期","表明處方的有效期（處方的過期日期）","它反映了處方開立者對處方的有效性的看法。在此期限之外，不得根據處方進行配藥。配藥視窗的下限標誌處方可以首次配藥的開始日期。如果沒有指定上限，那麼處方是無期限的，或者將默認為基於法規的過期日期。","表明處方何時有效，何時處方無法再被拿來配藥。","","","","","","","",,,,,"",,,,"MedicationRequest.dispenseRequest.validityPeriod",0,1,"","ele-1:All FHIR elements must have a @value or children {hasValue() or (children().count() > id.count())}
","Message/Body/NewRx/MedicationPrescribed/Refills","effectiveTime"
"MedicationRequest.dispenseRequest.numberOfRepeatsAllowed","MedicationRequest.dispenseRequest.numberOfRepeatsAllowed","","","",1,1,"Y","","","unsignedInt {[]} {[]}
","可重複領藥的次數，用來表示【健保卡欄位-M26可調劑次數】的健保可調劑次數資訊","一個整數，表示除了最初的配藥外，病人可以取得處方藥的次數【又稱連續處方／補藥（refills）或重複】。使用注意事項：這個整數不包括原始醫令的配藥，意即如果一個醫令顯示配藥30錠加上「3次重複」，那麼此醫令總共可以配藥4次，病人總共可以得到120片。開立處方者可明確說，在初次配藥後允許零次補藥。","如果顯示的是「授權的開藥次數」，則在這個數字上加1。","","","","","","","","",,,,,"",,,,"MedicationRequest.dispenseRequest.numberOfRepeatsAllowed",0,1,"","ele-1:All FHIR elements must have a @value or children {hasValue() or (children().count() > id.count())}
","Message/Body/NewRx/MedicationPrescribed/Quantity","repeatNumber","RXE-12-Number of Refills"
"MedicationRequest.dispenseRequest.quantity","MedicationRequest.dispenseRequest.quantity","","","",1,1,"Y","","","Quantity {[CanonicalType[http://hl7.org/fhir/StructureDefinition/SimpleQuantity]]} {[]}
","每次配藥的藥品（數）量","一次裝藥所需的（數）量","","","","","","","","","",,,,,"",,,,"MedicationRequest.dispenseRequest.quantity",0,1,"","ele-1:All FHIR elements must have a @value or children {hasValue() or (children().count() > id.count())}
","Message/Body/NewRx/MedicationPrescribed/DaysSupply","quantity","RXD-4-Actual Dispense Amount / RXD-5.1-Actual Dispense Units.code / RXD-5.3-Actual Dispense Units.name of coding system"
"MedicationRequest.dispenseRequest.expectedSupplyDuration","MedicationRequest.dispenseRequest.expectedSupplyDuration","","","",1,1,"Y","","","Duration {[]} {[]}
","每次配藥可持續的天數，用來表示【健保卡欄位-M20給藥天數】的健保給藥天數資訊","指明預期使用供應產品的時間區間，或預期配藥可持續的時間長度。","在某些情況下，這個屬性可以用來代替數量，透過預期持續的時間長度來確定供應的數量，而不是發放的實際數量，例如：90天的用藥供應（基於一個醫令的劑量）。在可能的情況下，指定數量總是更好的，因為這往往是更精確的。預期供應時間長度將總是一個估計值，可能受到外部因素的影響。","","","","","","","","",,,,,"",,,,"MedicationRequest.dispenseRequest.expectedSupplyDuration",0,1,"","ele-1:All FHIR elements must have a @value or children {hasValue() or (children().count() > id.count())}
","Message/Body/NewRx/MedicationPrescribed/Substitutions","expectedUseTime"
"MedicationRequest.dispenseRequest.performer","MedicationRequest.dispenseRequest.performer","","","",0,1,"Y","","","Reference {[]} {[CanonicalType[https://twcore.mohw.gov.tw/ig/twcore/StructureDefinition/Organization-hosp-twcore]]}
","預定的配藥機構，用來表示【健保卡欄位-M23調劑方式】的健保調劑方式資訊，0,6,A,B開立處方機構本身之Organization，1,C,D其他機構之Organization","表明開立處方者指定的預定配藥機構（Organization）。","","","","","","","","","",,,,,"",,,,"MedicationRequest.dispenseRequest.performer",0,1,"","ele-1:All FHIR elements must have a @value or children {hasValue() or (children().count() > id.count())}
",".outboundRelationship[typeCode=COMP].target[classCode=SPLY, moodCode=RQO] .participation[typeCode=PRF].role[scoper.determinerCode=INSTANCE]","FiveWs.who"
"MedicationRequest.substitution","MedicationRequest.substitution","","","",0,1,"","","","BackboneElement {[]} {[]}
","對替代藥品的任何限制","表示替代藥品是否可以或應該成為配藥的一部分。在某些情況下，替代藥品必須發生，在其他情況下，替代藥品必須不發生。此區塊解釋開立處方者的意圖。如果沒有指定，可以進行替換。","","","","","","","","","",,,,,"",,,,"MedicationRequest.substitution",0,1,"","ele-1:All FHIR elements must have a @value or children {hasValue() or (children().count() > id.count())}
","specific values within Message/Body/NewRx/MedicationPrescribed/Substitutions","subjectOf.substitutionPersmission"
"MedicationRequest.substitution.id","MedicationRequest.substitution.id","","","",0,1,"","","","string {[]} {[]}
","唯一可識別ID，以供資料項目間相互參照。","resource中資料項目的唯一ID（用於內部參照）。這可以是任何不含空格的字串。","","","","","","","","","",,,,,"",,,,"Element.id",0,1,"","","n/a"
"MedicationRequest.substitution.extension","MedicationRequest.substitution.extension","","","",0,*,"","","","Extension {[]} {[]}
","擴充的資料項目","可用於表示不屬於此資料項目基本定義的附加資訊。為了擴充的使用安全和可管理，對擴充的定義和使用有一套嚴格的管理。儘管任何實作者都可以定義一個擴充，但作為擴充定義的一部分，有一套要求**必須（SHALL）**滿足。","無論使用或定義擴充的機構或管轄區，任何應用程式、專案或標準使用擴充都不背負任何汙名（stigma）。使用擴充是允許FHIR規範為每個人保留一個核心的簡易性。","","","","","","","","",,,,,"",,,,"Element.extension",0,*,"","ele-1:All FHIR elements must have a @value or children {hasValue() or (children().count() > id.count())}
ext-1:Must have either extensions or value[x], not both {extension.exists() != value.exists()}"
"MedicationRequest.substitution.modifierExtension","MedicationRequest.substitution.modifierExtension","","","",0,*,"","Y","Y","Extension {[]} {[]}
","此擴充的資料項目可能會完全修正或改變其他資料項目的意涵，需特別留意。","可以用來表示不屬於資料項目的基本定義的附加資訊，並且修改對它所內嵌（contained）的資料項目的理解和（或）對包含資料項目之後續使用的理解。通常，修飾用的資料項目提供否定或限定。為了使擴充的使用安全和可管理，對擴充的定義和使用有一套嚴格的管理。儘管任何實作者都可以定義一個擴充，但作為擴充定義的一部分，有一套要求 **必須（SHALL）** 滿足。處理resource的應用程式被要求檢查修飾用的擴充資料項目。 
 修飾用的擴充資料項目 **必須沒有（SHALL NOT）** 改變resource或DomainResource上任何資料項目的含義（包括不能改變modifierExtension本身的含義）。","無論使用或定義擴充的機構或管轄區，任何應用程式、專案或標準使用擴充都不背負任何汙名（stigma）。使用擴充是允許FHIR規範為每個人保留一個核心的簡易性。","修飾用的資料項目擴充將不能安全地忽略的擴充與絕大多數可以安全地忽略的擴充明確區分開來。透過消除禁止實作者擴充存在的需求來促進可互通性。更多訊息，請參見[修飾用的資料項目擴充之定義](http://hl7.org/fhir/R4/extensibility.html#modifierExtension)。","","","","","","","",,,,,"",,,,"BackboneElement.modifierExtension",0,*,"","ele-1:All FHIR elements must have a @value or children {hasValue() or (children().count() > id.count())}
ext-1:Must have either extensions or value[x], not both {extension.exists() != value.exists()}"
"MedicationRequest.substitution.allowed[x]","MedicationRequest.substitution.allowed[x]","","","",1,1,"","","","boolean {[]} {[]}
CodeableConcept {[CanonicalType[https://twcore.mohw.gov.tw/ig/twcore/StructureDefinition/CodeableConcept-tw]]} {[]}","是否允許替換","如果處方開立者允許與處方不同的藥物配藥，則為真。","這個資料項目被標記為修飾用，因為無論是否允許替換，它都不能被忽略。","","","","","","","","",,"example","可參考[ActSubstanceAdminSubstitutionCode](https://terminology.hl7.org/4.0.0/ValueSet-v3-ActSubstanceAdminSubstitutionCode.html)代碼表，但此代碼表只是針對這個欄位的一個可能值的示例，不預期也不鼓勵使用者一定要使用此代碼表的代碼。","http://terminology.hl7.org/ValueSet/v3-ActSubstanceAdminSubstitutionCode","",,,,"MedicationRequest.substitution.allowed[x]",1,1,"","ele-1:All FHIR elements must have a @value or children {hasValue() or (children().count() > id.count())}
","specific values within Message/Body/NewRx/MedicationPrescribed/Substitutions","code","RXO-9-Allow Substitutions / RXE-9-Substitution Status"
"MedicationRequest.substitution.reason","MedicationRequest.substitution.reason","","","",0,1,"","","","CodeableConcept {[CanonicalType[https://twcore.mohw.gov.tw/ig/twcore/StructureDefinition/CodeableConcept-tw]]} {[]}
","為什麼要（不）進行替換","表示替換的原因，或為什麼必須或不必須進行替換。","Not all terminology uses fit this general pattern. In some cases, models should not use CodeableConcept and use Coding directly and provide their own structure for managing text, codings, translations and the relationship between elements and pre- and post-coordination.","","","","","","","","",,"example","可參考[SubstanceAdminSubstitutionReason](https://terminology.hl7.org/4.0.0/ValueSet-v3-SubstanceAdminSubstitutionReason.html)代碼表，但此代碼表只是針對這個欄位的一個可能值的示例，不預期也不鼓勵使用者一定要使用此代碼表的代碼。","http://terminology.hl7.org/ValueSet/v3-SubstanceAdminSubstitutionReason","",,,,"MedicationRequest.substitution.reason",0,1,"ele-1
","ele-1:All FHIR elements must have a @value or children {hasValue() or (children().count() > id.count())}
","n/a","CD","CE/CNE/CWE"
"MedicationRequest.priorPrescription","MedicationRequest.priorPrescription","","","",0,1,"","","","Reference {[]} {[CanonicalType[https://twcore.mohw.gov.tw/ig/twcore/StructureDefinition/MedicationRequest-twcore]]}
","正被替換的醫令／處方","連結至與代表早期醫令相關的醫令或處方的resource","","","","","","","","","",,,,,"",,,,"MedicationRequest.priorPrescription",0,1,"","ele-1:All FHIR elements must have a @value or children {hasValue() or (children().count() > id.count())}
","Request.replaces","not mapped",".outboundRelationship[typeCode=?RPLC or ?SUCC]/target[classCode=SBADM,moodCode=RQO]"
"MedicationRequest.detectedIssue","MedicationRequest.detectedIssue","","Contraindication
Drug Utilization Review (DUR)Alert","",0,*,"","","","Reference {[]} {[CanonicalType[http://hl7.org/fhir/StructureDefinition/DetectedIssue]]}
","活動的臨床問題","表明一個或多個針對病人的較積極的或提議的臨床活動之間的實際或潛在的臨床問題；例如：藥物交互作用、重複治療、劑量警訊等。","此資料項目可包括由決策支援系統或臨床醫生發現的問題，及可能包括解決問題所採取步驟的資訊。","","","","","","","","",,,,,"",,,,"MedicationRequest.detectedIssue",0,*,"","ele-1:All FHIR elements must have a @value or children {hasValue() or (children().count() > id.count())}
",".inboundRelationship[typeCode=SUBJ]/source[classCode=ALRT,moodCode=EVN].value"
"MedicationRequest.eventHistory","MedicationRequest.eventHistory","","","",0,*,"","","","Reference {[]} {[CanonicalType[http://hl7.org/fhir/StructureDefinition/Provenance]]}
","生命週期中感興趣的事件清單，可用來表示此慢性連續處方箋之電子簽章物件","連結至Provenance resource的過去版本，或履行請求或事件resource的Provenance紀錄，其指明可能與查看當前版本resource的使用者相關的關鍵狀態之轉換或更新。","這可能不包括請求的所有版本的出處–只包括那些被認為「相關」或重要的版本。這 **必須沒有（SHALL NOT）** 包括與此resource的當前版本相關的出處。（如果此出處被認為是一個「相關」的變化，它將需要作為後續更新的一部分。在此之前，可使用_revinclude直接查詢指向此版本的出處。 所有出處（Provenances）都應有這個藥品處方請求的一些歷史版本作為對象。）","","","","","","","","",,,,,"",,,,"MedicationRequest.eventHistory",0,*,"","ele-1:All FHIR elements must have a @value or children {hasValue() or (children().count() > id.count())}
","Request.relevantHistory",".inboundRelationship(typeCode=SUBJ].source[classCode=CACT, moodCode=EVN]"
